{"type":"FeatureCollection","source":"https://www.map.wisc.edu/api/v1/map_objects.geojson","capturedAt":"2026-09-26T22:45:37.045Z","features":[{"type":"Feature","id":"476","geometry":{"type":"Polygon","coordinates":[[[-89.4154622,43.077886801],[-89.4150473,43.077886801],[-89.4150473,43.077984101],[-89.4154622,43.077984101],[-89.4154622,43.077886801]]]},"properties":{"mapObjectId":"476","name":"Swenson House (Kronshage)","buildingNumber":"0573","streetAddress":"645 Elm Dr.","description":null,"hours":null,"center":[-89.41525474999999,43.07793545053831],"footprintStatus":"full","officialMapUrl":"https://map.wisc.edu/?initObj=0573"}},{"type":"Feature","id":"387","geometry":{"type":"Polygon","coordinates":[[[-89.4100303,43.074107001],[-89.4099766,43.074106901],[-89.4099767,43.074031101],[-89.4099767,43.074020801],[-89.4098939,43.074020701],[-89.4098938,43.074104401],[-89.4097563,43.074104301],[-89.409756,43.074438501],[-89.4098046,43.074438501],[-89.4098046,43.074453301],[-89.4099731,43.074453501],[-89.4099731,43.074440501],[-89.4100299,43.074440501],[-89.41003,43.074391401],[-89.4100302,43.074160701],[-89.4100303,43.074107001]]]},"properties":{"mapObjectId":"387","name":"445 Henry Mall","buildingNumber":"0102","streetAddress":"445 Henry Mall","description":null,"hours":null,"center":[-89.40989588159957,43.074261857271395],"footprintStatus":"full","officialMapUrl":"https://map.wisc.edu/?initObj=0102"}},{"type":"Feature","id":"430","geometry":{"type":"Polygon","coordinates":[[[-89.406035,43.071925901],[-89.4058884,43.071924801],[-89.4058882,43.071938601],[-89.4058687,43.071938401],[-89.4058681,43.071986301],[-89.4058672,43.072054101],[-89.4058866,43.072054201],[-89.4058864,43.072068901],[-89.4060331,43.072070001],[-89.406035,43.071925901]]]},"properties":{"mapObjectId":"430","name":"Meiklejohn House","buildingNumber":"0035","streetAddress":"228 N. Charter St.","description":null,"hours":null,"center":[-89.40595273721996,43.071997299595274],"footprintStatus":"full","officialMapUrl":"https://map.wisc.edu/?initObj=0035"}},{"type":"Feature","id":"535","geometry":{"type":"Polygon","coordinates":[[[-89.4148843,43.073512801],[-89.4144741,43.073510601],[-89.4144702,43.073897101],[-89.4148803,43.073899401],[-89.4148843,43.073512801]]]},"properties":{"mapObjectId":"535","name":"1610 University Ave.","buildingNumber":"0129","streetAddress":"1610 University Ave.","description":null,"hours":null,"center":[-89.41467723396953,43.07370496781386],"footprintStatus":"full","officialMapUrl":"https://map.wisc.edu/?initObj=0129"}},{"type":"Feature","id":"507","geometry":{"type":"MultiPolygon","coordinates":[[[[-89.4348176,43.086685201],[-89.4347445,43.086762301],[-89.4342241,43.086499401],[-89.4342971,43.086422301],[-89.4348176,43.086685201]]],[[[-89.4359169,43.086536401],[-89.4355494,43.086919001],[-89.4354453,43.086865701],[-89.4358128,43.086483101],[-89.4359169,43.086536401]]],[[[-89.4364376,43.086611201],[-89.4363655,43.086687601],[-89.4359432,43.086475101],[-89.4360153,43.086398701],[-89.4364376,43.086611201]]],[[[-89.4348464,43.087058301],[-89.4344813,43.087444401],[-89.4343732,43.087389901],[-89.4347383,43.087003801],[-89.4348464,43.087058301]]],[[[-89.4347661,43.087745801],[-89.4346958,43.087826901],[-89.4342899,43.087617401],[-89.4343656,43.087539801],[-89.4347661,43.087745801]]],[[[-89.435519,43.087749001],[-89.4354459,43.087824701],[-89.4350868,43.087639801],[-89.4349201,43.087553901],[-89.4349932,43.087478201],[-89.4351598,43.087564101],[-89.435519,43.087749001]]],[[[-89.4358636,43.087374101],[-89.435792,43.087449701],[-89.4352681,43.087185501],[-89.4353396,43.087109801],[-89.4358636,43.087374101]]],[[[-89.43612,43.087505501],[-89.4357583,43.087901801],[-89.4356598,43.087853901],[-89.4360215,43.087457601],[-89.43612,43.087505501]]],[[[-89.4356583,43.088012601],[-89.4355844,43.088089701],[-89.4352926,43.087940501],[-89.4353665,43.087863501],[-89.4356583,43.088012601]]]]},"properties":{"mapObjectId":"507","name":"Eagle Heights Buildings 301-309","buildingNumber":null,"streetAddress":null,"description":null,"hours":null,"center":[-89.43527888610669,43.08722466965323],"footprintStatus":"full","officialMapUrl":"https://map.wisc.edu/"}},{"type":"Feature","id":"700","geometry":{"type":"Polygon","coordinates":[[[-89.4396134,43.082912801],[-89.4395539,43.082753001],[-89.4394149,43.082780601],[-89.439436,43.082837401],[-89.4393822,43.082848101],[-89.4393656,43.082803501],[-89.4392215,43.082832101],[-89.4392426,43.082888601],[-89.4392765,43.082979701],[-89.4396134,43.082912801]]]},"properties":{"mapObjectId":"700","name":"Apartment Facilities Office","buildingNumber":null,"streetAddress":null,"description":null,"hours":null,"center":[-89.43942068085623,43.082871551338755],"footprintStatus":"full","officialMapUrl":"https://map.wisc.edu/"}},{"type":"Feature","id":"390","geometry":{"type":"Polygon","coordinates":[[[-89.4130301,43.077910901],[-89.4128949,43.077910901],[-89.4128949,43.078216701],[-89.4130301,43.078216701],[-89.4130301,43.077910901]]]},"properties":{"mapObjectId":"390","name":"Gilman House (Kronshage)","buildingNumber":"0569","streetAddress":"1610 Kronshage Dr.","description":null,"hours":null,"center":[-89.41296249999999,43.07806380053831],"footprintStatus":"full","officialMapUrl":"https://map.wisc.edu/?initObj=0569"}},{"type":"Feature","id":"703","geometry":{"type":"Polygon","coordinates":[[[-89.4190725,43.076149101],[-89.4188874,43.076147901],[-89.4188895,43.075965001],[-89.4188223,43.075964601],[-89.4188244,43.075779701],[-89.4187342,43.075779201],[-89.4187348,43.075726401],[-89.4186226,43.075725701],[-89.4186231,43.075683501],[-89.4185337,43.075682901],[-89.418534,43.075652101],[-89.4184368,43.075651101],[-89.418427,43.076320001],[-89.4190675,43.076326501],[-89.4190725,43.076149101]]]},"properties":{"mapObjectId":"703","name":"Meat Science & Animal Biologics Discovery","buildingNumber":"0149","streetAddress":"1933 Observatory Dr","description":null,"hours":null,"center":[-89.41867733928353,43.076049539170754],"footprintStatus":"full","officialMapUrl":"https://map.wisc.edu/?initObj=0149"}},{"type":"Feature","id":"456","geometry":{"type":"Polygon","coordinates":[[[-89.4189719,43.078452601],[-89.4188318,43.078393101],[-89.4187798,43.078458301],[-89.4189199,43.078517801],[-89.4189719,43.078452601]]]},"properties":{"mapObjectId":"456","name":"Carl Schuman Shelter","buildingNumber":"0116","streetAddress":"2025 Willow Dr.","description":null,"hours":null,"center":[-89.41887585,43.07845545053833],"footprintStatus":"full","officialMapUrl":"https://map.wisc.edu/?initObj=0116"}},{"type":"Feature","id":"690","geometry":{"type":"Polygon","coordinates":[[[-89.4369005,43.088358401],[-89.4366843,43.088283701],[-89.4367536,43.088176801],[-89.4363822,43.088048501],[-89.4362957,43.088182101],[-89.4361619,43.088135901],[-89.4360304,43.088338901],[-89.4361576,43.088382901],[-89.4361334,43.088420201],[-89.4367275,43.088625501],[-89.4369005,43.088358401]]]},"properties":{"mapObjectId":"690","name":"Eagle Heights Community Center","buildingNumber":"1299","streetAddress":"611 Eagle Heights","description":"The University Apartments community center is a centralized location that features Eagle's Wing childcare and education programs, a gymnasium, kitchen, two meeting/classroom spaces, a study room, and main offices for University Apartments staff.","hours":null,"center":[-89.4364788396689,43.08833495134627],"footprintStatus":"full","officialMapUrl":"https://map.wisc.edu/?initObj=1299"}},{"type":"Feature","id":"439","geometry":{"type":"Polygon","coordinates":[[[-89.4047988,43.071377201],[-89.4042981,43.071370201],[-89.4042969,43.071442301],[-89.4042772,43.071442101],[-89.4042689,43.071441701],[-89.4042645,43.071611201],[-89.4042872,43.071611501],[-89.4042852,43.071684901],[-89.4047905,43.071692001],[-89.4047947,43.071533701],[-89.4047988,43.071377201]]]},"properties":{"mapObjectId":"439","name":"Noland Hall","buildingNumber":"0402","streetAddress":"250 N. Mills St.","description":null,"hours":null,"center":[-89.40453632517186,43.07153122673736],"footprintStatus":"full","officialMapUrl":"https://map.wisc.edu/?initObj=0402"}},{"type":"Feature","id":"532","geometry":{"type":"Polygon","coordinates":[[[-89.412316,43.074492701],[-89.4121386,43.074489601],[-89.412139,43.074650401],[-89.4123149,43.074650101],[-89.412316,43.074492701]]]},"properties":{"mapObjectId":"532","name":"Plant Sciences","buildingNumber":"0087C","streetAddress":"1575 Linden Dr.","description":null,"hours":null,"center":[-89.41222681176704,43.07457058491305],"footprintStatus":"full","officialMapUrl":"https://map.wisc.edu/?initObj=0087C"}},{"type":"Feature","id":"410","geometry":{"type":"Polygon","coordinates":[[[-89.4115152,43.076426401],[-89.4110729,43.076425901],[-89.4110727,43.076526101],[-89.4110725,43.076608201],[-89.4115148,43.076608601],[-89.4115152,43.076426401]]]},"properties":{"mapObjectId":"410","name":"Soils Building","buildingNumber":"0074B","streetAddress":"1525 Observatory Dr.","description":null,"hours":null,"center":[-89.41129383474136,43.076517275447486],"footprintStatus":"full","officialMapUrl":"https://map.wisc.edu/?initObj=0074B"}},{"type":"Feature","id":"521","geometry":{"type":"Polygon","coordinates":[[[-89.3958694,43.068729801],[-89.3953059,43.068619801],[-89.3951366,43.068740501],[-89.3946209,43.069108001],[-89.3946176,43.069140501],[-89.3950055,43.069147301],[-89.3949277,43.069393601],[-89.3952258,43.069442601],[-89.3952427,43.069384401],[-89.3957488,43.069470701],[-89.3958387,43.069192501],[-89.3957377,43.069176401],[-89.3958694,43.068729801]]]},"properties":{"mapObjectId":"521","name":"Art Lofts","buildingNumber":"0220","streetAddress":"111 N. Frances St.","description":null,"hours":null,"center":[-89.39535377230082,43.069054868097254],"footprintStatus":"full","officialMapUrl":"https://map.wisc.edu/?initObj=0220"}},{"type":"Feature","id":"489","geometry":{"type":"Polygon","coordinates":[[[-89.408855,43.071259101],[-89.4088359,43.071258701],[-89.4088351,43.071237501],[-89.4085808,43.071234401],[-89.4084208,43.071352801],[-89.4084172,43.071459401],[-89.4084139,43.071559401],[-89.4085937,43.071701801],[-89.408702,43.071704501],[-89.4087549,43.071705301],[-89.4088453,43.071706701],[-89.4088472,43.071670401],[-89.4088542,43.071296601],[-89.408855,43.071259101]]]},"properties":{"mapObjectId":"489","name":"Wendt Commons","buildingNumber":"0404","streetAddress":"215 N. Randall Ave.","description":null,"hours":null,"center":[-89.40865348630953,43.071467152055256],"footprintStatus":"full","officialMapUrl":"https://map.wisc.edu/?initObj=0404"}},{"type":"Feature","id":"409","geometry":{"type":"Polygon","coordinates":[[[-89.4135317,43.077677001],[-89.4131195,43.077677001],[-89.4131195,43.077775001],[-89.4135317,43.077775001],[-89.4135317,43.077677001]]]},"properties":{"mapObjectId":"409","name":"Jorns House (Kronshage)","buildingNumber":"0137","streetAddress":"650 Babcock Dr.","description":null,"hours":null,"center":[-89.41332559999996,43.077726000538306],"footprintStatus":"full","officialMapUrl":"https://map.wisc.edu/?initObj=0137"}},{"type":"Feature","id":"694","geometry":{"type":"Point","coordinates":[-89.414516687,43.07805728]},"properties":{"mapObjectId":"694","name":"Kronshage Residence Hall","buildingNumber":null,"streetAddress":null,"description":"Kronshage Residence Hall , home to over 600 undergraduate students, is divided up into eight smaller buildings, or “houses,” of about 75 residents each. It consists of Jones House, Chamerblin House, Conover House, Gilman House, Mack House, Showerman House, Swenson House, and Turner House. This residence hall, part of the Division of University Housing, is located right along the Lakeshore Path, near the Porter Boathouse and two dining marketplaces.","hours":null,"center":[-89.41451668739317,43.07805728011479],"footprintStatus":"complex","officialMapUrl":"https://map.wisc.edu/"}},{"type":"Feature","id":"642","geometry":{"type":"Point","coordinates":[-89.436950684,43.087444806]},"properties":{"mapObjectId":"642","name":"Eagle Heights","buildingNumber":null,"streetAddress":null,"description":null,"hours":null,"center":[-89.43695068359378,43.08744480560929],"footprintStatus":"complex","officialMapUrl":"https://map.wisc.edu/"}},{"type":"Feature","id":"462","geometry":{"type":"Polygon","coordinates":[[[-89.4123288,43.077069701],[-89.4123157,43.077069701],[-89.4123164,43.076888901],[-89.4122595,43.076888701],[-89.4122596,43.076864701],[-89.4120507,43.076864301],[-89.4120503,43.076969401],[-89.4121559,43.076969601],[-89.4121546,43.077288401],[-89.4120536,43.077288201],[-89.4120531,43.077394101],[-89.4122594,43.077394501],[-89.4122595,43.077370901],[-89.4123146,43.077371001],[-89.4123153,43.077189901],[-89.4123283,43.077189901],[-89.4123288,43.077069701]]]},"properties":{"mapObjectId":"462","name":"Slichter Residence Hall","buildingNumber":"0558","streetAddress":"625 Babcock Dr.","description":null,"hours":null,"center":[-89.41220813731039,43.07712886046986],"footprintStatus":"full","officialMapUrl":"https://map.wisc.edu/?initObj=0558"}},{"type":"Feature","id":"641","geometry":{"type":"Point","coordinates":[-89.399056435,43.071521209]},"properties":{"mapObjectId":"641","name":"Southeast Residence Halls","buildingNumber":null,"streetAddress":null,"description":null,"hours":null,"center":[-89.39905643463135,43.07152120860967],"footprintStatus":"complex","officialMapUrl":"https://map.wisc.edu/"}},{"type":"Feature","id":"421","geometry":{"type":"Polygon","coordinates":[[[-89.4136683,43.077941701],[-89.4132401,43.077941701],[-89.4132402,43.078042401],[-89.4136683,43.078042401],[-89.4136683,43.077941701]]]},"properties":{"mapObjectId":"421","name":"Mack House (Kronshage)","buildingNumber":"0570","streetAddress":"1630 Kronshage Dr.","description":null,"hours":null,"center":[-89.41345422499901,43.077992048578324],"footprintStatus":"full","officialMapUrl":"https://map.wisc.edu/?initObj=0570"}},{"type":"Feature","id":"473","geometry":{"type":"Polygon","coordinates":[[[-89.4155559,43.074665601],[-89.4151772,43.074665001],[-89.4151772,43.074652901],[-89.4151078,43.074652801],[-89.4151077,43.074664901],[-89.4147448,43.074664201],[-89.4147438,43.074984701],[-89.4149734,43.074985101],[-89.4149733,43.075037501],[-89.4150834,43.075037701],[-89.4150834,43.075030601],[-89.4151432,43.075030701],[-89.4151889,43.075030801],[-89.4151889,43.075038401],[-89.4153149,43.075038601],[-89.4153151,43.074988701],[-89.4155548,43.074989101],[-89.4155559,43.074665601]]]},"properties":{"mapObjectId":"473","name":"Stock Pavilion","buildingNumber":"0090","streetAddress":"1675 Linden Dr.","description":null,"hours":null,"center":[-89.4151502420585,43.074836549122026],"footprintStatus":"full","officialMapUrl":"https://map.wisc.edu/?initObj=0090"}},{"type":"Feature","id":"367","geometry":{"type":"Polygon","coordinates":[[[-89.4127312,43.078165701],[-89.4126681,43.078165501],[-89.4126685,43.078108901],[-89.4122527,43.078107401],[-89.4122499,43.078498401],[-89.4127289,43.078500201],[-89.4127312,43.078165701]]]},"properties":{"mapObjectId":"367","name":"Porter Boathouse","buildingNumber":"0172","streetAddress":"680 Babcock Dr.","description":null,"hours":null,"center":[-89.41248671661033,43.078307025426994],"footprintStatus":"full","officialMapUrl":"https://map.wisc.edu/?initObj=0172"}},{"type":"Feature","id":"492","geometry":{"type":"Polygon","coordinates":[[[-89.4051456,43.071634501],[-89.404911,43.071632401],[-89.4049046,43.072020501],[-89.4051392,43.072022601],[-89.4051456,43.071634501]]]},"properties":{"mapObjectId":"492","name":"Integrative Biology Research Building","buildingNumber":"0401","streetAddress":"1117 W. Johnson St.","description":null,"hours":null,"center":[-89.4050251,43.07182750053819],"footprintStatus":"full","officialMapUrl":"https://map.wisc.edu/?initObj=0401"}},{"type":"Feature","id":"531","geometry":{"type":"Polygon","coordinates":[[[-89.4116989,43.074516101],[-89.4115286,43.074515801],[-89.4115272,43.074966701],[-89.411649,43.074966901],[-89.4116489,43.074982201],[-89.4116718,43.074982201],[-89.4116714,43.074831501],[-89.4116979,43.074831401],[-89.4116989,43.074516101]]]},"properties":{"mapObjectId":"531","name":"Moore Hall - Agronomy","buildingNumber":"0087A","streetAddress":"1575 Linden Dr.","description":null,"hours":null,"center":[-89.41160982479146,43.07473492455007],"footprintStatus":"full","officialMapUrl":"https://map.wisc.edu/?initObj=0087A"}},{"type":"Feature","id":"672","geometry":{"type":"Polygon","coordinates":[[[-89.4144312,43.077394101],[-89.414431,43.077328901],[-89.4138964,43.077329601],[-89.4138964,43.077336301],[-89.4138231,43.077336401],[-89.4138233,43.077405401],[-89.4138873,43.077405301],[-89.4138873,43.077416501],[-89.4138677,43.077416601],[-89.4138686,43.077817401],[-89.4138771,43.077817401],[-89.4138772,43.077839001],[-89.4139129,43.077839001],[-89.413913,43.077850201],[-89.4139685,43.077850201],[-89.4139684,43.077833001],[-89.4140634,43.077832901],[-89.4140626,43.077461701],[-89.414352,43.077461401],[-89.4143521,43.077469101],[-89.4143993,43.077469101],[-89.4143992,43.077394101],[-89.4144312,43.077394101]]]},"properties":{"mapObjectId":"672","name":"Leopold Residence Hall","buildingNumber":"0576","streetAddress":"1635 Kronshage Dr.","description":null,"hours":null,"center":[-89.41404986450995,43.07752024504238],"footprintStatus":"full","officialMapUrl":"https://map.wisc.edu/?initObj=0576"}},{"type":"Feature","id":"480","geometry":{"type":"Polygon","coordinates":[[[-89.4133622,43.078481301],[-89.4133606,43.078378401],[-89.412941,43.078381901],[-89.4129426,43.078484801],[-89.4133622,43.078481301]]]},"properties":{"mapObjectId":"480","name":"Turner House (Kronshage)","buildingNumber":"0568","streetAddress":"1620 Kronshage Dr.","description":null,"hours":null,"center":[-89.41315159999998,43.07843160053832],"footprintStatus":"full","officialMapUrl":"https://map.wisc.edu/?initObj=0568"}},{"type":"Feature","id":"356","geometry":{"type":"Polygon","coordinates":[[[-89.4167915,43.077779301],[-89.4163672,43.077779301],[-89.4163672,43.077819801],[-89.4163549,43.077819801],[-89.416134,43.077819801],[-89.416134,43.077863701],[-89.4161024,43.077863701],[-89.4161024,43.077922401],[-89.4162077,43.077922401],[-89.4162292,43.077922401],[-89.4162292,43.077932501],[-89.4163468,43.077932501],[-89.4163468,43.078162601],[-89.4164342,43.078162601],[-89.4164342,43.078145901],[-89.4164916,43.078145901],[-89.4164916,43.077882901],[-89.41677,43.077882901],[-89.41677,43.077841801],[-89.4167915,43.077841801],[-89.4167915,43.077779301]]]},"properties":{"mapObjectId":"356","name":"Bradley Residence Hall","buildingNumber":"0506","streetAddress":"650 Elm Dr.","description":null,"hours":null,"center":[-89.41643740567213,43.07790973063353],"footprintStatus":"full","officialMapUrl":"https://map.wisc.edu/?initObj=0506"}},{"type":"Feature","id":"463","geometry":{"type":"Polygon","coordinates":[[[-89.4113954,43.076113301],[-89.4113948,43.075875801],[-89.4113771,43.075875801],[-89.4113776,43.075871101],[-89.4113475,43.075860801],[-89.4112925,43.075861301],[-89.4112926,43.075876301],[-89.4111881,43.075876401],[-89.4111888,43.076113501],[-89.4113954,43.076113301]]]},"properties":{"mapObjectId":"463","name":"Hiram Smith Annex","buildingNumber":"0077","streetAddress":"1555 Observatory Dr.","description":null,"hours":null,"center":[-89.4112926811093,43.075991956175805],"footprintStatus":"full","officialMapUrl":"https://map.wisc.edu/?initObj=0077"}},{"type":"Feature","id":"477","geometry":{"type":"Polygon","coordinates":[[[-89.4094773,43.074054001],[-89.4094769,43.074044701],[-89.4093177,43.074043501],[-89.4093163,43.074146401],[-89.4093131,43.074377201],[-89.4093117,43.074482601],[-89.4094451,43.074483601],[-89.4094461,43.074415301],[-89.4094559,43.074415401],[-89.4094568,43.074349601],[-89.409447,43.074349501],[-89.4094482,43.074265201],[-89.4094494,43.074179501],[-89.4094592,43.074179601],[-89.40946,43.074118801],[-89.4094502,43.074118701],[-89.4094509,43.074067801],[-89.4094637,43.074067301],[-89.4094773,43.074054001]]]},"properties":{"mapObjectId":"477","name":"Taylor Hall","buildingNumber":"0464","streetAddress":"427 Lorch St.","description":null,"hours":null,"center":[-89.40938359241315,43.07426192330238],"footprintStatus":"full","officialMapUrl":"https://map.wisc.edu/?initObj=0464"}},{"type":"Feature","id":"365","geometry":{"type":"Polygon","coordinates":[[[-89.4154252,43.077295601],[-89.4148897,43.077291301],[-89.4148891,43.077332701],[-89.4145252,43.077329801],[-89.4145243,43.077391701],[-89.4145483,43.077391901],[-89.4145477,43.077432301],[-89.4148781,43.077435001],[-89.4148779,43.077446801],[-89.4150299,43.077448001],[-89.4150306,43.077397201],[-89.415401,43.077400201],[-89.4154016,43.077358901],[-89.4154243,43.077359101],[-89.4154252,43.077295601]]]},"properties":{"mapObjectId":"365","name":"Cole Residence Hall","buildingNumber":"0555","streetAddress":"625 Elm Dr.","description":null,"hours":null,"center":[-89.41497582918734,43.07736434754442],"footprintStatus":"full","officialMapUrl":"https://map.wisc.edu/?initObj=0555"}},{"type":"Feature","id":"353","geometry":{"type":"Polygon","coordinates":[[[-89.4228931,43.075770001],[-89.4221056,43.075765001],[-89.4221006,43.076182201],[-89.4224318,43.076184301],[-89.4224311,43.076242901],[-89.4226355,43.076244201],[-89.4226362,43.076185601],[-89.4228882,43.076187201],[-89.4228931,43.075770001]]]},"properties":{"mapObjectId":"353","name":"Biotron Laboratory","buildingNumber":"0045","streetAddress":"2115 Observatory Dr.","description":null,"hours":null,"center":[-89.42249816853011,43.075984480745525],"footprintStatus":"full","officialMapUrl":"https://map.wisc.edu/?initObj=0045"}},{"type":"Feature","id":"440","geometry":{"type":"Polygon","coordinates":[[[-89.403054,43.075549701],[-89.4030387,43.075547301],[-89.4029024,43.075533501],[-89.4028891,43.075532201],[-89.4028309,43.075840001],[-89.4029901,43.075856001],[-89.403054,43.075549701]]]},"properties":{"mapObjectId":"440","name":"North Hall","buildingNumber":"0052","streetAddress":"1050 Bascom Mall","description":null,"hours":null,"center":[-89.4029412368243,43.075693344290265],"footprintStatus":"full","officialMapUrl":"https://map.wisc.edu/?initObj=0052"}},{"type":"Feature","id":"336","geometry":{"type":"Polygon","coordinates":[[[-89.4132891,43.077048601],[-89.4132683,43.077047401],[-89.413269,43.077040801],[-89.4132625,43.077040401],[-89.4132678,43.076990801],[-89.4130256,43.076977101],[-89.4130235,43.076997001],[-89.4130158,43.077069501],[-89.4130338,43.077070501],[-89.4130314,43.077092501],[-89.4130347,43.077101001],[-89.4130427,43.077105801],[-89.4132816,43.077119401],[-89.4132891,43.077048601]]]},"properties":{"mapObjectId":"336","name":"Agricultural Dean’s Residence","buildingNumber":"0072","streetAddress":"620 Babcock Dr.","description":null,"hours":null,"center":[-89.41315052226192,43.077048742440766],"footprintStatus":"full","officialMapUrl":"https://map.wisc.edu/?initObj=0072"}},{"type":"Feature","id":"649","geometry":{"type":"Polygon","coordinates":[[[-89.398165941,43.072171712],[-89.398165941,43.072536148],[-89.397672415,43.072536148],[-89.397672415,43.072171712],[-89.398165941,43.072171712]]]},"properties":{"mapObjectId":"649","name":"702 W. Johnson St.","buildingNumber":"1072","streetAddress":"702 West Johnson Street","description":null,"hours":null,"center":[-89.39791917800903,43.07235393005751],"footprintStatus":"partial","officialMapUrl":"https://map.wisc.edu/?initObj=1072"}},{"type":"Feature","id":"538","geometry":{"type":"Polygon","coordinates":[[[-89.4182458,43.075655501],[-89.4175904,43.075649001],[-89.417588,43.075781401],[-89.4182434,43.075787901],[-89.4182458,43.075655501]]]},"properties":{"mapObjectId":"538","name":"1910 Linden Dr.","buildingNumber":"0103","streetAddress":"1910 Linden Dr.","description":null,"hours":null,"center":[-89.4179169,43.07571845053826],"footprintStatus":"full","officialMapUrl":"https://map.wisc.edu/?initObj=0103"}},{"type":"Feature","id":"402","geometry":{"type":"Polygon","coordinates":[[[-89.4163404,43.075469201],[-89.4163402,43.075435901],[-89.4163154,43.075436001],[-89.4163153,43.075418201],[-89.4163293,43.075418201],[-89.416329,43.075369001],[-89.4163136,43.075369101],[-89.4163133,43.075318701],[-89.4159317,43.075319901],[-89.415932,43.075365901],[-89.4159022,43.075366001],[-89.4159025,43.075421401],[-89.4159323,43.075421301],[-89.4159326,43.075470501],[-89.4163404,43.075469201]]]},"properties":{"mapObjectId":"402","name":"Horse Barn","buildingNumber":"0095","streetAddress":"520 Elm Dr.","description":null,"hours":null,"center":[-89.41612284428105,43.075395405116616],"footprintStatus":"full","officialMapUrl":"https://map.wisc.edu/?initObj=0095"}},{"type":"Feature","id":"536","geometry":{"type":"Polygon","coordinates":[[[-89.4162834,43.073626101],[-89.4160533,43.073625301],[-89.4160526,43.073722801],[-89.4162827,43.073723601],[-89.4162834,43.073626101]]]},"properties":{"mapObjectId":"536","name":"1800 University Ave.","buildingNumber":"0113","streetAddress":"1800 University Ave.","description":null,"hours":null,"center":[-89.416168,43.07367445053822],"footprintStatus":"full","officialMapUrl":"https://map.wisc.edu/?initObj=0113"}},{"type":"Feature","id":"522","geometry":{"type":"Polygon","coordinates":[[[-89.4018827,43.071292901],[-89.4016592,43.071289301],[-89.4016567,43.071372101],[-89.4018677,43.071375401],[-89.4018679,43.071370301],[-89.4018804,43.071370501],[-89.4018827,43.071292901]]]},"properties":{"mapObjectId":"522","name":"206 Bernard Ct.","buildingNumber":"1082","streetAddress":"206 Bernard Ct.","description":null,"hours":null,"center":[-89.40176932709872,43.07133233542349],"footprintStatus":"full","officialMapUrl":"https://map.wisc.edu/?initObj=1082"}},{"type":"Feature","id":"654","geometry":{"type":"Polygon","coordinates":[[[-89.4334077,43.075643901],[-89.433337,43.075593301],[-89.4332821,43.075535801],[-89.4332601,43.075475701],[-89.4332561,43.075433401],[-89.4332528,43.075399401],[-89.4332748,43.075332601],[-89.4333114,43.075271101],[-89.4333535,43.075214901],[-89.43324,43.075091901],[-89.4327622,43.075352601],[-89.4328629,43.075454301],[-89.4329416,43.075515801],[-89.4332326,43.075738801],[-89.4332798,43.075701301],[-89.4333051,43.075715001],[-89.4334077,43.075643901]]]},"properties":{"mapObjectId":"654","name":"UW Medical Foundation Centennial Building","buildingNumber":"1435","streetAddress":"1685 Highland Ave","description":null,"hours":null,"center":[-89.43311773560353,43.07540916393189],"footprintStatus":"full","officialMapUrl":"https://map.wisc.edu/?initObj=1435"}},{"type":"Feature","id":"434","geometry":{"type":"Polygon","coordinates":[[[-89.4084632,43.074665901],[-89.4079348,43.074665901],[-89.4079348,43.074906201],[-89.4084632,43.074906201],[-89.4084632,43.074665901]]]},"properties":{"mapObjectId":"434","name":"Middleton Building","buildingNumber":"0455","streetAddress":"1305 Linden Dr.","description":null,"hours":null,"center":[-89.408199,43.07478605053824],"footprintStatus":"full","officialMapUrl":"https://map.wisc.edu/?initObj=0455"}},{"type":"Feature","id":"423","geometry":{"type":"Polygon","coordinates":[[[-89.4092191,43.074338101],[-89.4086595,43.074336201],[-89.4086583,43.074527701],[-89.4087356,43.074528001],[-89.4088952,43.074528601],[-89.4092178,43.074529701],[-89.4092191,43.074338101]]]},"properties":{"mapObjectId":"423","name":"McArdle Building","buildingNumber":"0468","streetAddress":"447 Lorch St.","description":null,"hours":null,"center":[-89.40893869614477,43.07443293674064],"footprintStatus":"full","officialMapUrl":"https://map.wisc.edu/?initObj=0468"}},{"type":"Feature","id":"545","geometry":{"type":"Polygon","coordinates":[[[-89.4055863,43.069276501],[-89.4050423,43.069271601],[-89.4050391,43.069464001],[-89.4055831,43.069468901],[-89.4055863,43.069276501]]]},"properties":{"mapObjectId":"545","name":"45 N. Charter St.","buildingNumber":"0504","streetAddress":"45 N. Charter St.","description":null,"hours":null,"center":[-89.4053127,43.06937025053813],"footprintStatus":"full","officialMapUrl":"https://map.wisc.edu/?initObj=0504"}},{"type":"Feature","id":"448","geometry":{"type":"Polygon","coordinates":[[[-89.4065179,43.068478101],[-89.4062812,43.068475301],[-89.4062808,43.068492801],[-89.4061581,43.068491301],[-89.4061587,43.068465401],[-89.4058428,43.068461601],[-89.4058408,43.068551401],[-89.4058312,43.068551301],[-89.4058286,43.068665501],[-89.4065135,43.068673601],[-89.4065179,43.068478101]]]},"properties":{"mapObjectId":"448","name":"Harlow Primate Lab","buildingNumber":"0527","streetAddress":"22 N. Charter St.","description":null,"hours":null,"center":[-89.4061710136316,43.06857149111629],"footprintStatus":"full","officialMapUrl":"https://map.wisc.edu/?initObj=0527"}},{"type":"Feature","id":"366","geometry":{"type":"Polygon","coordinates":[[[-89.4072467,43.071919001],[-89.407242,43.071576501],[-89.4072415,43.071541301],[-89.4072056,43.071540601],[-89.4072319,43.071194401],[-89.4070605,43.071193901],[-89.4067277,43.071179801],[-89.4067254,43.071299301],[-89.4066614,43.071298501],[-89.4065867,43.071297601],[-89.4065899,43.071179801],[-89.4061066,43.071177501],[-89.406106,43.071217101],[-89.4061021,43.071471901],[-89.4060534,43.071471401],[-89.4060526,43.071519001],[-89.4072467,43.071919001]]]},"properties":{"mapObjectId":"366","name":"Computer Sciences","buildingNumber":"0155","streetAddress":"1210 W. Dayton St.","description":null,"hours":null,"center":[-89.40672926189517,43.07147417619353],"footprintStatus":"full","officialMapUrl":"https://map.wisc.edu/?initObj=0155"}},{"type":"Feature","id":"515","geometry":{"type":"Polygon","coordinates":[[[-89.4071886,43.074699401],[-89.4070026,43.074696001],[-89.4070025,43.074797801],[-89.4068003,43.074798801],[-89.4067966,43.074955601],[-89.4071885,43.074959701],[-89.4071886,43.074699401]]]},"properties":{"mapObjectId":"515","name":"Bardeen Medical Laboratories","buildingNumber":"0451B","streetAddress":"1215 Linden Dr.","description":null,"hours":null,"center":[-89.40701767224208,43.07484799905695],"footprintStatus":"full","officialMapUrl":"https://map.wisc.edu/?initObj=0451B"}},{"type":"Feature","id":"406","geometry":{"type":"Polygon","coordinates":[[[-89.4130315,43.077348301],[-89.4128963,43.077348301],[-89.4128963,43.077659201],[-89.4130315,43.077659201],[-89.4130315,43.077348301]]]},"properties":{"mapObjectId":"406","name":"Humphrey House (Kronshage)","buildingNumber":"0136","streetAddress":"640 Babcock Dr.","description":null,"hours":null,"center":[-89.4129639,43.07750375053831],"footprintStatus":"full","officialMapUrl":"https://map.wisc.edu/?initObj=0136"}},{"type":"Feature","id":"414","geometry":{"type":"Polygon","coordinates":[[[-89.4149058,43.078068401],[-89.4144855,43.078068101],[-89.4144855,43.078077201],[-89.4144504,43.078077201],[-89.4144497,43.078146201],[-89.4144881,43.078146201],[-89.414488,43.078168001],[-89.4149057,43.078168301],[-89.4149058,43.078068401]]]},"properties":{"mapObjectId":"414","name":"Conover House (Kronshage)","buildingNumber":"0574C","streetAddress":"1650 Kronshage Dr.","description":null,"hours":null,"center":[-89.41468332707188,43.078117797546874],"footprintStatus":"full","officialMapUrl":"https://map.wisc.edu/?initObj=0574C"}},{"type":"Feature","id":"442","geometry":{"type":"Polygon","coordinates":[[[-89.4077227,43.076287801],[-89.407722,43.076155501],[-89.4076662,43.076155601],[-89.4076661,43.076142201],[-89.4075437,43.076142501],[-89.4075444,43.076278701],[-89.4075572,43.076278701],[-89.4075573,43.076298701],[-89.4076451,43.076298501],[-89.407645,43.076288001],[-89.4077227,43.076287801]]]},"properties":{"mapObjectId":"442","name":"Observatory Hill Office Building","buildingNumber":"0512","streetAddress":"1225 Observatory Dr.","description":null,"hours":null,"center":[-89.40763069487423,43.076219510952704],"footprintStatus":"full","officialMapUrl":"https://map.wisc.edu/?initObj=0512"}},{"type":"Feature","id":"453","geometry":{"type":"Polygon","coordinates":[[[-89.4142828,43.075469001],[-89.4141969,43.075468601],[-89.4141978,43.075360701],[-89.4139499,43.075359601],[-89.4139498,43.075368101],[-89.4139294,43.075368001],[-89.4139035,43.075367801],[-89.4139037,43.075343401],[-89.4133711,43.075341001],[-89.4133702,43.075447401],[-89.4132323,43.075446801],[-89.4132327,43.075396701],[-89.4130037,43.075395701],[-89.4130021,43.075578101],[-89.4132303,43.075579201],[-89.4132305,43.075560901],[-89.413265,43.075561101],[-89.4132636,43.075716801],[-89.4135102,43.075718001],[-89.4135116,43.075551001],[-89.4134535,43.075550701],[-89.4134537,43.075523501],[-89.4134635,43.075523501],[-89.4134641,43.075460701],[-89.4136984,43.075461801],[-89.4136975,43.075575401],[-89.4138655,43.075576201],[-89.4139038,43.075576401],[-89.4139043,43.075516801],[-89.4139467,43.075517001],[-89.4139466,43.075529001],[-89.4141968,43.075530101],[-89.4141971,43.075497201],[-89.4142826,43.075497601],[-89.4142828,43.075469001]]]},"properties":{"mapObjectId":"453","name":"Russell Laboratories","buildingNumber":"0114","streetAddress":"1630 Linden Dr.","description":null,"hours":null,"center":[-89.4135833554534,43.075485580515924],"footprintStatus":"full","officialMapUrl":"https://map.wisc.edu/?initObj=0114"}},{"type":"Feature","id":"465","geometry":{"type":"Polygon","coordinates":[[[-89.4117139,43.075956701],[-89.4117134,43.075874201],[-89.4116845,43.075874301],[-89.4116843,43.075842401],[-89.4114753,43.075843101],[-89.4114757,43.075914201],[-89.4114519,43.075914301],[-89.4114522,43.075965801],[-89.4114761,43.075965701],[-89.4114765,43.076045901],[-89.4114333,43.076046001],[-89.411434,43.076161801],[-89.4115229,43.076161501],[-89.4115227,43.076130201],[-89.4116746,43.076129701],[-89.4116742,43.076060901],[-89.4116856,43.076060801],[-89.411685,43.075956801],[-89.4117139,43.075956701]]]},"properties":{"mapObjectId":"465","name":"Hiram Smith Hall","buildingNumber":"0076","streetAddress":"1545 Observatory Dr.","description":null,"hours":null,"center":[-89.4115708298298,43.07599365408496],"footprintStatus":"full","officialMapUrl":"https://map.wisc.edu/?initObj=0076"}},{"type":"Feature","id":"474","geometry":{"type":"Polygon","coordinates":[[[-89.4100233,43.074572301],[-89.4096602,43.074569801],[-89.4096547,43.074983101],[-89.4100179,43.074985601],[-89.4100206,43.074780301],[-89.4100233,43.074572301]]]},"properties":{"mapObjectId":"474","name":"Stovall Building (Wisconsin State Laboratory of Hygiene)","buildingNumber":"0476","streetAddress":"465 Henry Mall","description":null,"hours":null,"center":[-89.40983902923368,43.074777710062236],"footprintStatus":"full","officialMapUrl":"https://map.wisc.edu/?initObj=0476"}},{"type":"Feature","id":"412","geometry":{"type":"Polygon","coordinates":[[[-89.4144506,43.078057301],[-89.4142756,43.078056401],[-89.4142754,43.078077301],[-89.4142406,43.078077101],[-89.4142407,43.078068401],[-89.41382,43.078066301],[-89.4138189,43.078175001],[-89.4144494,43.078178201],[-89.4144497,43.078146201],[-89.4144504,43.078077201],[-89.4144506,43.078057301]]]},"properties":{"mapObjectId":"412","name":"Showerman House (Kronshage)","buildingNumber":"0574S","streetAddress":"1650 Kronshage Dr.","description":null,"hours":null,"center":[-89.41414108773509,43.07812065705215],"footprintStatus":"full","officialMapUrl":"https://map.wisc.edu/?initObj=0574S"}},{"type":"Feature","id":"513","geometry":{"type":"MultiPolygon","coordinates":[[[[-89.4336953,43.075366901],[-89.4336479,43.075358601],[-89.4336505,43.075350801],[-89.4335664,43.075335901],[-89.4335641,43.075342801],[-89.4335183,43.075334701],[-89.4335154,43.075343601],[-89.4335076,43.075342201],[-89.4335067,43.075344901],[-89.4334797,43.075340201],[-89.4334627,43.075391401],[-89.4334897,43.075396201],[-89.4334888,43.075398901],[-89.4335338,43.075406801],[-89.4335228,43.075440001],[-89.4335913,43.075452101],[-89.433602,43.075419801],[-89.4336117,43.075421601],[-89.433594,43.075475101],[-89.4336559,43.075486001],[-89.4336721,43.075437201],[-89.4336953,43.075366901]]],[[[-89.4337117,43.075592501],[-89.433711,43.075536301],[-89.4336211,43.075536901],[-89.4336223,43.075641701],[-89.4336899,43.075641301],[-89.4336894,43.075592601],[-89.4337117,43.075592501]]]]},"properties":{"mapObjectId":"513","name":"901 University Bay Dr.","buildingNumber":"0547","streetAddress":"901 University Bay Dr.","description":null,"hours":null,"center":[-89.4336099255249,43.07545183370446],"footprintStatus":"full","officialMapUrl":"https://map.wisc.edu/?initObj=0547"}},{"type":"Feature","id":"334","geometry":{"type":"Polygon","coordinates":[[[-89.4123325,43.077701001],[-89.4121883,43.077701001],[-89.4121883,43.077646301],[-89.4120134,43.077646301],[-89.4120134,43.077578001],[-89.4119351,43.077578001],[-89.4119351,43.077604101],[-89.4119023,43.077604101],[-89.4119023,43.077548701],[-89.4117407,43.077548701],[-89.4117407,43.077649401],[-89.4117265,43.077649401],[-89.4117265,43.077729301],[-89.4117407,43.077729301],[-89.4117407,43.078035701],[-89.4117498,43.078035701],[-89.4117498,43.078065201],[-89.4117107,43.078065201],[-89.4117107,43.078190201],[-89.4118125,43.078190201],[-89.4118125,43.078196301],[-89.4119343,43.078196301],[-89.4119343,43.078190201],[-89.4121973,43.078190201],[-89.4121973,43.078065801],[-89.4120138,43.078065801],[-89.4120138,43.078058001],[-89.4119516,43.078058001],[-89.4118964,43.078058001],[-89.4118964,43.078065801],[-89.4117811,43.078065801],[-89.4117811,43.078034001],[-89.4119038,43.078034001],[-89.4119038,43.077770001],[-89.4119493,43.077770001],[-89.4121669,43.077770001],[-89.4121669,43.077866501],[-89.4121669,43.078034001],[-89.4123325,43.078034001],[-89.4123325,43.077701001]]]},"properties":{"mapObjectId":"334","name":"Adams Residence Hall","buildingNumber":"0564","streetAddress":"1520 Tripp Cir.","description":null,"hours":null,"center":[-89.4119889394122,43.07788036306996],"footprintStatus":"full","officialMapUrl":"https://map.wisc.edu/?initObj=0564"}},{"type":"Feature","id":"520","geometry":{"type":"Polygon","coordinates":[[[-89.39944201,43.074463839],[-89.399135375,43.074459153],[-89.399140507,43.074358875],[-89.399445859,43.074361686],[-89.39944201,43.074463839],[-89.39944201,43.074463839]]]},"properties":{"mapObjectId":"520","name":"432 East Campus Mall","buildingNumber":"0515A","streetAddress":"432 East Campus Mall","description":null,"hours":null,"center":[-89.3992914044117,43.074410931661596],"footprintStatus":"full","officialMapUrl":"https://map.wisc.edu/?initObj=0515A"}},{"type":"Feature","id":"451","geometry":{"type":"Polygon","coordinates":[[[-89.4017174,43.075795401],[-89.4015161,43.075793001],[-89.4015079,43.076155201],[-89.4015523,43.076155801],[-89.4015519,43.076175201],[-89.4015518,43.076178701],[-89.4016484,43.076179801],[-89.4016489,43.076157901],[-89.4017092,43.076158701],[-89.4017174,43.075795401]]]},"properties":{"mapObjectId":"451","name":"Radio Hall","buildingNumber":"0405","streetAddress":"975 Observatory Dr.","description":null,"hours":null,"center":[-89.40161234838739,43.07598113614737],"footprintStatus":"full","officialMapUrl":"https://map.wisc.edu/?initObj=0405"}},{"type":"Feature","id":"386","geometry":{"type":"Polygon","coordinates":[[[-89.4183539,43.078425601],[-89.4179385,43.078424901],[-89.4179385,43.078429701],[-89.4177533,43.078429401],[-89.4177532,43.078465801],[-89.4176886,43.078465701],[-89.4176885,43.078507701],[-89.4176614,43.078507701],[-89.4176612,43.078571101],[-89.41779,43.078571301],[-89.41779,43.078578301],[-89.417904,43.078578501],[-89.4179033,43.078807901],[-89.4180505,43.078808201],[-89.4180514,43.078528601],[-89.4183313,43.078529001],[-89.4183314,43.078487901],[-89.4183537,43.078487901],[-89.4183539,43.078425601]]]},"properties":{"mapObjectId":"386","name":"Phillips Residence Hall","buildingNumber":"0507","streetAddress":"1950 Willow Dr.","description":null,"hours":null,"center":[-89.4179873011807,43.07855215848702],"footprintStatus":"full","officialMapUrl":"https://map.wisc.edu/?initObj=0507"}},{"type":"Feature","id":"537","geometry":{"type":"Polygon","coordinates":[[[-89.4177884,43.073690601],[-89.4177551,43.073559601],[-89.4176123,43.073577901],[-89.4176035,43.073532501],[-89.4174825,43.073548401],[-89.4174716,43.073500601],[-89.4173778,43.073511801],[-89.4173699,43.073479001],[-89.4173555,43.073474701],[-89.4173395,43.073472601],[-89.4171827,43.073491101],[-89.417223,43.073638401],[-89.4171849,43.073648801],[-89.4171707,43.073663101],[-89.41715,43.073691001],[-89.4171554,43.073720501],[-89.4171718,43.073741201],[-89.4171925,43.073753101],[-89.417223,43.073763501],[-89.417259,43.073767501],[-89.4173385,43.073756001],[-89.4173424,43.073771501],[-89.4173464,43.073786401],[-89.4173128,43.073790901],[-89.4173,43.073794801],[-89.417292,43.073800101],[-89.4172881,43.073810301],[-89.4172889,43.073818401],[-89.4172947,43.073827401],[-89.4173057,43.073833201],[-89.4173168,43.073835801],[-89.4174424,43.073831901],[-89.4174548,43.073827701],[-89.4174637,43.073821901],[-89.4174703,43.073813201],[-89.4174725,43.073801601],[-89.4174704,43.073793401],[-89.4174663,43.073787001],[-89.4174548,43.073778901],[-89.4174442,43.073775401],[-89.4174318,43.073774401],[-89.4174177,43.073776001],[-89.41741,43.073745601],[-89.4177884,43.073690601]]]},"properties":{"mapObjectId":"537","name":"UW Foundation","buildingNumber":"0493","streetAddress":"1848 University Ave.","description":null,"hours":null,"center":[-89.41743072240978,43.07364311394871],"footprintStatus":"full","officialMapUrl":"https://map.wisc.edu/?initObj=0493"}},{"type":"Feature","id":"523","geometry":{"type":"Polygon","coordinates":[[[-89.4023268,43.071448501],[-89.4020798,43.071444701],[-89.4020773,43.071531201],[-89.4022248,43.071533401],[-89.4022251,43.071522401],[-89.4023247,43.071523901],[-89.4023268,43.071448501]]]},"properties":{"mapObjectId":"523","name":"209 N. Brooks St.","buildingNumber":"0788","streetAddress":"209 N. Brooks St.","description":null,"hours":null,"center":[-89.40219811777231,43.0714877262729],"footprintStatus":"full","officialMapUrl":"https://map.wisc.edu/?initObj=0788"}},{"type":"Feature","id":"524","geometry":{"type":"Polygon","coordinates":[[[-89.4023441,43.071711501],[-89.4021072,43.071706501],[-89.402104,43.071789401],[-89.4023408,43.071794401],[-89.4023441,43.071711501]]]},"properties":{"mapObjectId":"524","name":"215-217 N. Brooks St.","buildingNumber":"1060","streetAddress":"215 N. Brooks St.","description":"The American Indian Student & Cultural Center is located here.","hours":null,"center":[-89.40222402561643,43.07175044763443],"footprintStatus":"full","officialMapUrl":"https://map.wisc.edu/?initObj=1060"}},{"type":"Feature","id":"384","geometry":{"type":"Polygon","coordinates":[[[-89.4055081,43.068631401],[-89.4053033,43.068631401],[-89.4053033,43.068758101],[-89.4050541,43.068758101],[-89.4050541,43.068978401],[-89.40522,43.068978401],[-89.40522,43.069089401],[-89.4055081,43.069089301],[-89.4055081,43.068631401]]]},"properties":{"mapObjectId":"384","name":"Fleet and Service Garage","buildingNumber":"1077","streetAddress":"27 N. Charter St.","description":null,"hours":null,"center":[-89.40531835673217,43.068873266378745],"footprintStatus":"full","officialMapUrl":"https://map.wisc.edu/?initObj=1077"}},{"type":"Feature","id":"475","geometry":{"type":"Polygon","coordinates":[[[-89.4157513,43.077679901],[-89.4157512,43.077623901],[-89.4157267,43.077623901],[-89.4157265,43.077361701],[-89.4156416,43.077361801],[-89.4156416,43.077377801],[-89.4155844,43.077377801],[-89.4155846,43.077608201],[-89.4151191,43.077608401],[-89.4151192,43.077662601],[-89.4151192,43.077673101],[-89.4151414,43.077673101],[-89.4151414,43.077716201],[-89.4155122,43.077716001],[-89.4155123,43.077723601],[-89.4157169,43.077723601],[-89.4157168,43.077679901],[-89.4157513,43.077679901]]]},"properties":{"mapObjectId":"475","name":"Sullivan Residence Hall","buildingNumber":"0556","streetAddress":"635 Elm Dr.","description":null,"hours":null,"center":[-89.415510654597,43.07760382061325],"footprintStatus":"full","officialMapUrl":"https://map.wisc.edu/?initObj=0556"}},{"type":"Feature","id":"352","geometry":{"type":"Polygon","coordinates":[[[-89.4112262,43.073780501],[-89.4112168,43.073780401],[-89.4112186,43.073647601],[-89.4105715,43.073642801],[-89.4105689,43.073828101],[-89.4105662,43.074019301],[-89.4108037,43.074021101],[-89.4112163,43.074024101],[-89.4112181,43.073888301],[-89.4112247,43.073888301],[-89.4112262,43.073780501]]]},"properties":{"mapObjectId":"352","name":"DeLuca Biochemistry Building","buildingNumber":"0084","streetAddress":"420 Henry Mall","description":null,"hours":null,"center":[-89.41089430017848,43.07383365962344],"footprintStatus":"full","officialMapUrl":"https://map.wisc.edu/?initObj=0084"}},{"type":"Feature","id":"379","geometry":{"type":"Polygon","coordinates":[[[-89.4120207,43.072512701],[-89.4117181,43.072511101],[-89.4117186,43.072476601],[-89.4116723,43.072476201],[-89.4116726,43.072450601],[-89.411283,43.072447901],[-89.4112827,43.072470701],[-89.4112355,43.072470401],[-89.4112332,43.072644001],[-89.4112801,43.072644301],[-89.4112798,43.072668701],[-89.4113178,43.072669001],[-89.4113522,43.072669201],[-89.4113511,43.072752401],[-89.4120168,43.072756601],[-89.4120207,43.072512701]]]},"properties":{"mapObjectId":"379","name":"Engineering Research Building","buildingNumber":"0762","streetAddress":"1500 Engineering Dr.","description":null,"hours":null,"center":[-89.41162469216303,43.072608761834815],"footprintStatus":"full","officialMapUrl":"https://map.wisc.edu/?initObj=0762"}},{"type":"Feature","id":"704","geometry":{"type":"Point","coordinates":[-89.40320313,43.058117731]},"properties":{"mapObjectId":"704","name":"Alumni Hall, 1100 Delaplaine Ct.","buildingNumber":"1000001","streetAddress":"1100 Delaplaine Ct. Madison, WI 53715-1896","description":null,"hours":null,"center":[-89.40320312976839,43.05811773095831],"footprintStatus":"complex","officialMapUrl":"https://map.wisc.edu/?initObj=1000001"}},{"type":"Feature","id":"714","geometry":{"type":"Polygon","coordinates":[[[-89.424671,43.074141701],[-89.4243621,43.074141701],[-89.4243621,43.074227701],[-89.4239186,43.074227701],[-89.4239186,43.074516301],[-89.4245777,43.074516301],[-89.4245777,43.074501501],[-89.4245777,43.074304801],[-89.424671,43.074304801],[-89.424671,43.074141701]]]},"properties":{"mapObjectId":"714","name":"Walnut Street Heating and Cooling Plant","buildingNumber":"0049","streetAddress":"505 Walnut St","description":null,"hours":null,"center":[-89.42429206703436,43.07434638874077],"footprintStatus":"full","officialMapUrl":"https://map.wisc.edu/?initObj=0049"}},{"type":"Feature","id":"422","geometry":{"type":"Polygon","coordinates":[[[-89.4116792,43.072909701],[-89.4116158,43.072909301],[-89.4116164,43.072854501],[-89.4115029,43.072853801],[-89.4115029,43.072849801],[-89.4114112,43.072849201],[-89.4114115,43.072825801],[-89.4113498,43.072825401],[-89.4113158,43.072825201],[-89.4112669,43.072824901],[-89.4112667,43.072848401],[-89.4109021,43.072846201],[-89.4108988,43.073143601],[-89.4109808,43.073144101],[-89.4109806,43.073158501],[-89.4111595,43.073159501],[-89.4111596,43.073145101],[-89.4112644,43.073145701],[-89.4112643,43.073152901],[-89.4113294,43.073153301],[-89.4113971,43.073153701],[-89.4113972,43.073146501],[-89.4115074,43.073147201],[-89.4115072,43.073163201],[-89.4116635,43.073164201],[-89.4116637,43.073148101],[-89.4116766,43.073148201],[-89.4116792,43.072909701]]]},"properties":{"mapObjectId":"422","name":"Materials Science and Engineering Building","buildingNumber":"0520","streetAddress":"1509 University Ave.","description":null,"hours":null,"center":[-89.41128478463715,43.073001015305316],"footprintStatus":"full","officialMapUrl":"https://map.wisc.edu/?initObj=0520"}},{"type":"Feature","id":"351","geometry":{"type":"Polygon","coordinates":[[[-89.4124988,43.074108901],[-89.4124411,43.074108301],[-89.4123379,43.074075101],[-89.4123541,43.074046401],[-89.4117552,43.073863101],[-89.4117369,43.073887101],[-89.4116599,43.073859001],[-89.4115648,43.073858601],[-89.4115648,43.073908201],[-89.4115515,43.073908001],[-89.4115519,43.073959601],[-89.4115484,43.074165901],[-89.4115613,43.074165901],[-89.4115635,43.074195301],[-89.411651,43.074195501],[-89.4116775,43.074196401],[-89.4115549,43.074400301],[-89.4120756,43.074402901],[-89.4121324,43.074418401],[-89.4121741,43.074344701],[-89.4123124,43.074388701],[-89.4124193,43.074388201],[-89.4124181,43.074369201],[-89.412498,43.074369901],[-89.4124988,43.074108901]]]},"properties":{"mapObjectId":"351","name":"DeLuca Biochemistry Laboratories","buildingNumber":"0205","streetAddress":"433 Babcock Dr.","description":null,"hours":null,"center":[-89.4119811677512,43.07416460638911],"footprintStatus":"full","officialMapUrl":"https://map.wisc.edu/?initObj=0205"}},{"type":"Feature","id":"692","geometry":{"type":"Polygon","coordinates":[[[-89.442083,43.082844101],[-89.4420351,43.082736001],[-89.4419632,43.082753001],[-89.441947,43.082716401],[-89.4418861,43.082730701],[-89.4418839,43.082725701],[-89.4418203,43.082740701],[-89.4418225,43.082745801],[-89.4416974,43.082775201],[-89.4417552,43.082906101],[-89.4417917,43.082897501],[-89.4417967,43.082909001],[-89.4418452,43.082897501],[-89.4418296,43.082862101],[-89.4418805,43.082850101],[-89.4418885,43.082868301],[-89.4419398,43.082856201],[-89.4419315,43.082837301],[-89.4419827,43.082825201],[-89.4419998,43.082863801],[-89.442083,43.082844101]]]},"properties":{"mapObjectId":"692","name":"Bernie’s Place Childcare","buildingNumber":"1239","streetAddress":"39 University Houses","description":null,"hours":null,"center":[-89.4418814388995,43.08280622705524],"footprintStatus":"full","officialMapUrl":"https://map.wisc.edu/?initObj=1239"}},{"type":"Feature","id":"335","geometry":{"type":"Polygon","coordinates":[[[-89.4116884,43.076259101],[-89.4115256,43.076259101],[-89.4115256,43.076404201],[-89.4116884,43.076404201],[-89.4116884,43.076259101]]]},"properties":{"mapObjectId":"335","name":"Agricultural Bulletin Building","buildingNumber":"0078","streetAddress":"1535 Observatory Dr.","description":null,"hours":null,"center":[-89.411607,43.076331650538286],"footprintStatus":"full","officialMapUrl":"https://map.wisc.edu/?initObj=0078"}},{"type":"Feature","id":"508","geometry":{"type":"MultiPolygon","coordinates":[[[[-89.4370996,43.087405101],[-89.4370299,43.087480401],[-89.4364972,43.087217301],[-89.436567,43.087142001],[-89.4370996,43.087405101]]],[[[-89.4373765,43.087663701],[-89.4372999,43.087743401],[-89.4370004,43.087589901],[-89.437077,43.087510101],[-89.4373765,43.087663701]]],[[[-89.4378037,43.087214801],[-89.4374397,43.087597101],[-89.4373364,43.087544601],[-89.4377004,43.087162301],[-89.4378037,43.087214801]]],[[[-89.437622,43.087123801],[-89.4375515,43.087199401],[-89.4371404,43.086995001],[-89.4372109,43.086919401],[-89.437622,43.087123801]]],[[[-89.4373356,43.086529001],[-89.4369781,43.086916001],[-89.4368648,43.086860101],[-89.4372223,43.086473201],[-89.4373356,43.086529001]]],[[[-89.4378513,43.086600901],[-89.437779,43.086680701],[-89.4373528,43.086474801],[-89.4374251,43.086395001],[-89.4378513,43.086600901]]],[[[-89.4379995,43.086852201],[-89.4379309,43.086927401],[-89.4376495,43.086790401],[-89.4377181,43.086715201],[-89.4379995,43.086852201]]]]},"properties":{"mapObjectId":"508","name":"Eagle Heights Buildings 401-408","buildingNumber":null,"streetAddress":null,"description":null,"hours":null,"center":[-89.43731249603007,43.087052543121715],"footprintStatus":"full","officialMapUrl":"https://map.wisc.edu/"}},{"type":"Feature","id":"380","geometry":{"type":"Polygon","coordinates":[[[-89.399981,43.068583201],[-89.399724,43.068579001],[-89.3997248,43.068444301],[-89.3993649,43.068438501],[-89.3993562,43.068869001],[-89.399425,43.068869701],[-89.399424,43.069056801],[-89.3993458,43.069079601],[-89.3993463,43.069118401],[-89.3999403,43.069307501],[-89.3999521,43.069306301],[-89.3999591,43.069296701],[-89.399981,43.068583201]]]},"properties":{"mapObjectId":"380","name":"Environmental Health and Safety Building","buildingNumber":"0549","streetAddress":"30 East Campus Mall","description":null,"hours":null,"center":[-89.39967194451924,43.06885266728973],"footprintStatus":"full","officialMapUrl":"https://map.wisc.edu/?initObj=0549"}},{"type":"Feature","id":"530","geometry":{"type":"Polygon","coordinates":[[[-89.4123311,43.068985801],[-89.4123238,43.068954301],[-89.4123244,43.068933901],[-89.4122901,43.068933401],[-89.4122922,43.068842501],[-89.4122879,43.068841101],[-89.4122227,43.068850501],[-89.4121937,43.068779901],[-89.4121718,43.068726701],[-89.4120097,43.068772301],[-89.4120856,43.068891501],[-89.4120148,43.068916501],[-89.4119591,43.068944601],[-89.4119074,43.068978101],[-89.4118587,43.069011201],[-89.4118156,43.069048301],[-89.411641,43.068963501],[-89.4116324,43.068959301],[-89.4115836,43.069008701],[-89.4116954,43.069067501],[-89.4118049,43.069124001],[-89.4117842,43.069143901],[-89.4119383,43.069200701],[-89.4119545,43.069174801],[-89.4119929,43.069134401],[-89.4120299,43.069104001],[-89.4120637,43.069078101],[-89.4120985,43.069058901],[-89.4121433,43.069037501],[-89.4121889,43.069019201],[-89.4122354,43.069005901],[-89.4122798,43.068995201],[-89.4123311,43.068985801]]]},"properties":{"mapObjectId":"530","name":"Kellner Hall","buildingNumber":"0460","streetAddress":"1440 Monroe St.","description":null,"hours":null,"center":[-89.41201827064222,43.06897907644213],"footprintStatus":"full","officialMapUrl":"https://map.wisc.edu/?initObj=0460"}},{"type":"Feature","id":"337","geometry":{"type":"Polygon","coordinates":[[[-89.4108034,43.074609801],[-89.4107665,43.074609801],[-89.4107665,43.074569701],[-89.4107561,43.074569701],[-89.4107302,43.074569701],[-89.4107302,43.074566001],[-89.4106125,43.074566001],[-89.4106125,43.074569701],[-89.410559,43.074569701],[-89.410559,43.074735101],[-89.4105519,43.074735101],[-89.4105517,43.074778501],[-89.4105519,43.074827801],[-89.410559,43.074827801],[-89.410559,43.074991401],[-89.4106044,43.074991401],[-89.4106044,43.074994201],[-89.4107195,43.074994201],[-89.4107195,43.074991401],[-89.4107665,43.074991401],[-89.4107665,43.074954401],[-89.4107959,43.074954401],[-89.4107959,43.074882701],[-89.4107665,43.074882701],[-89.4107665,43.074831801],[-89.4107665,43.074677901],[-89.4108034,43.074677901],[-89.4108034,43.074609801]]]},"properties":{"mapObjectId":"337","name":"Agricultural Engineering Building","buildingNumber":"0080","streetAddress":"460 Henry Mall","description":null,"hours":null,"center":[-89.41066797297222,43.074779735519655],"footprintStatus":"full","officialMapUrl":"https://map.wisc.edu/?initObj=0080"}},{"type":"Feature","id":"443","geometry":{"type":"Polygon","coordinates":[[[-89.409204,43.076114501],[-89.4091027,43.076113901],[-89.4091028,43.076106701],[-89.4090395,43.076106301],[-89.4090115,43.076106101],[-89.4089737,43.076105901],[-89.4089736,43.076114201],[-89.4088799,43.076113701],[-89.4088795,43.076143001],[-89.4088206,43.076142701],[-89.4088207,43.076131001],[-89.4087844,43.076130801],[-89.4087784,43.076120301],[-89.4087653,43.076112101],[-89.4087467,43.076111801],[-89.408733,43.076119801],[-89.4087303,43.076130501],[-89.4086957,43.076130301],[-89.4086955,43.076145801],[-89.4086941,43.076275201],[-89.4088192,43.076275901],[-89.4088202,43.076178801],[-89.408882,43.076179201],[-89.4088819,43.076189401],[-89.408973,43.076189901],[-89.4089781,43.076205501],[-89.408991,43.076219801],[-89.4090104,43.076230001],[-89.4090368,43.076234401],[-89.4090638,43.076229001],[-89.4090846,43.076218201],[-89.4090994,43.076205001],[-89.4091068,43.076187401],[-89.4092032,43.076188001],[-89.409204,43.076114501]]]},"properties":{"mapObjectId":"443","name":"Washburn Observatory","buildingNumber":"0510","streetAddress":"1401 Observatory Dr.","description":null,"hours":null,"center":[-89.40892667848186,43.076173954603185],"footprintStatus":"full","officialMapUrl":"https://map.wisc.edu/?initObj=0510"}},{"type":"Feature","id":"392","geometry":{"type":"Polygon","coordinates":[[[-89.4190439,43.078775101],[-89.4190433,43.078709401],[-89.4186318,43.078711401],[-89.4186321,43.078752301],[-89.4183823,43.078753501],[-89.4183826,43.078794301],[-89.4183532,43.078794501],[-89.4183538,43.078857901],[-89.4184799,43.078857301],[-89.41848,43.078866401],[-89.4185988,43.078865901],[-89.4186009,43.079096501],[-89.418685,43.079096101],[-89.4186849,43.079080501],[-89.4187424,43.079080201],[-89.4187399,43.078816601],[-89.4190222,43.078815201],[-89.4190218,43.078775201],[-89.4190439,43.078775101]]]},"properties":{"mapObjectId":"392","name":"Goodnight Hall","buildingNumber":"0508","streetAddress":"1975 Willow Dr.","description":null,"hours":null,"center":[-89.41868933155772,43.07884163047381],"footprintStatus":"full","officialMapUrl":"https://map.wisc.edu/?initObj=0508"}},{"type":"Feature","id":"362","geometry":{"type":"Polygon","coordinates":[[[-89.4155742,43.078210201],[-89.4151615,43.078210201],[-89.4151615,43.078307701],[-89.4155742,43.078307701],[-89.4155742,43.078210201]]]},"properties":{"mapObjectId":"362","name":"Chamberlin House (Kronshage)","buildingNumber":"0571","streetAddress":"665 Elm Dr.","description":null,"hours":null,"center":[-89.41536785,43.07825895053832],"footprintStatus":"full","officialMapUrl":"https://map.wisc.edu/?initObj=0571"}},{"type":"Feature","id":"381","geometry":{"type":"Polygon","coordinates":[[[-89.4157148,43.073625901],[-89.4155819,43.073624701],[-89.4155823,43.073604601],[-89.4155687,43.073604501],[-89.4155403,43.073604301],[-89.4155399,43.073625201],[-89.4154069,43.073624001],[-89.4154035,43.073832501],[-89.4152198,43.073830901],[-89.4152232,43.073627001],[-89.4152242,43.073627001],[-89.4152249,43.073582901],[-89.4151025,43.073581801],[-89.4151024,43.073591501],[-89.4150345,43.073590901],[-89.4150306,43.073828901],[-89.4151118,43.073829601],[-89.4151115,43.073846001],[-89.4151484,43.073846301],[-89.4151475,43.073900101],[-89.4154039,43.073902301],[-89.4154038,43.073905101],[-89.4154546,43.073905601],[-89.4154542,43.073927801],[-89.4155803,43.073928901],[-89.4155807,43.073905701],[-89.415712,43.073906801],[-89.4157131,43.073836601],[-89.4157113,43.073836601],[-89.4157148,43.073625901]]]},"properties":{"mapObjectId":"381","name":"Enzyme Institute","buildingNumber":"0479","streetAddress":"1710 University Ave.","description":null,"hours":null,"center":[-89.41539527386477,43.07376203112649],"footprintStatus":"full","officialMapUrl":"https://map.wisc.edu/?initObj=0479"}},{"type":"Feature","id":"403","geometry":{"type":"Polygon","coordinates":[[[-89.4123157,43.074939301],[-89.4123149,43.074650101],[-89.412139,43.074650401],[-89.4121386,43.074489601],[-89.4120727,43.074489701],[-89.4120698,43.074437001],[-89.4119316,43.074439401],[-89.411931,43.074489901],[-89.4117455,43.074490201],[-89.4117461,43.074704301],[-89.41213,43.074703701],[-89.4121304,43.074830801],[-89.4116979,43.074831401],[-89.4116714,43.074831501],[-89.4116718,43.074982201],[-89.4119628,43.074982301],[-89.412244,43.074982301],[-89.4122439,43.074939401],[-89.4123157,43.074939301]]]},"properties":{"mapObjectId":"403","name":"Horticulture","buildingNumber":"0087B","streetAddress":"1575 Linden Dr.","description":null,"hours":null,"center":[-89.41200491462968,43.07474717265682],"footprintStatus":"full","officialMapUrl":"https://map.wisc.edu/?initObj=0087B"}},{"type":"Feature","id":"339","geometry":{"type":"Polygon","coordinates":[[[-89.4106671,43.075738201],[-89.4106656,43.075548101],[-89.4104184,43.075549201],[-89.4104183,43.075539301],[-89.4103627,43.075539301],[-89.4103625,43.075503401],[-89.4102801,43.075503701],[-89.4101977,43.075504001],[-89.410198,43.075539901],[-89.4101437,43.075540401],[-89.4101437,43.075549101],[-89.4098987,43.075550201],[-89.4098995,43.075654401],[-89.4098922,43.075654501],[-89.4098923,43.075667701],[-89.4098988,43.075667701],[-89.4098994,43.075738701],[-89.410059,43.075737701],[-89.4100589,43.075746401],[-89.4100999,43.075746701],[-89.4100998,43.075738801],[-89.4102191,43.075738401],[-89.4101527,43.075788901],[-89.4101527,43.075861601],[-89.4099951,43.075861601],[-89.4099963,43.075939001],[-89.4101996,43.075936701],[-89.4101996,43.075925301],[-89.4103709,43.075924801],[-89.4103715,43.075940701],[-89.4105776,43.075940701],[-89.4105758,43.075859201],[-89.4104161,43.075859201],[-89.4104161,43.075788301],[-89.410349,43.075738401],[-89.4106671,43.075738201]]]},"properties":{"mapObjectId":"339","name":"Agricultural Hall","buildingNumber":"0070","streetAddress":"1450 Linden Dr.","description":null,"hours":null,"center":[-89.41028421715275,43.07570879386304],"footprintStatus":"full","officialMapUrl":"https://map.wisc.edu/?initObj=0070"}},{"type":"Feature","id":"341","geometry":{"type":"Polygon","coordinates":[[[-89.4153051,43.075684401],[-89.4152679,43.075684201],[-89.4152683,43.075650601],[-89.4151045,43.075649601],[-89.414665,43.075646901],[-89.4146647,43.075678601],[-89.4146353,43.075678401],[-89.4146347,43.075728701],[-89.4146645,43.075728901],[-89.4146636,43.075814101],[-89.4152712,43.075817701],[-89.4152721,43.075739201],[-89.4153045,43.075739401],[-89.4153051,43.075684401]]]},"properties":{"mapObjectId":"341","name":"Hanson Biomedical Sciences Building","buildingNumber":"0094","streetAddress":"1656 Linden Dr.","description":null,"hours":null,"center":[-89.41496867691592,43.07573166496254],"footprintStatus":"full","officialMapUrl":"https://map.wisc.edu/?initObj=0094"}},{"type":"Feature","id":"400","geometry":{"type":"MultiPolygon","coordinates":[[[[-89.4225316,43.075262601],[-89.4225316,43.075361501],[-89.4223266,43.075361501],[-89.4223266,43.075262601],[-89.4223756,43.075262601],[-89.4225316,43.075262601]]],[[[-89.4229191,43.075402901],[-89.4227413,43.075403301],[-89.4227395,43.075032401],[-89.4229173,43.075032001],[-89.4229191,43.075402901]]],[[[-89.4225424,43.074935101],[-89.4225421,43.075105101],[-89.4223854,43.075105001],[-89.4223058,43.075105001],[-89.422306,43.074935001],[-89.4225424,43.074935101]]],[[[-89.4225443,43.074759401],[-89.4225443,43.074911001],[-89.4223058,43.074911001],[-89.4223005,43.074911001],[-89.4223005,43.074759401],[-89.4225443,43.074759401]]],[[[-89.4225979,43.074581101],[-89.4225976,43.074683601],[-89.4223491,43.074683201],[-89.4223494,43.074580701],[-89.4225979,43.074581101]]],[[[-89.423163,43.074410401],[-89.42309,43.074411001],[-89.4230925,43.074595201],[-89.4228307,43.074597201],[-89.4228283,43.074422801],[-89.4228267,43.074308701],[-89.4229374,43.074307801],[-89.4229364,43.074241801],[-89.4229956,43.074241401],[-89.422994,43.074125701],[-89.4231591,43.074124501],[-89.423163,43.074410401]]]]},"properties":{"mapObjectId":"400","name":"502 Herrick Dr.","buildingNumber":"0111","streetAddress":"502 Herrick Dr.","description":null,"hours":null,"center":[-89.42273644503474,43.074782223766995],"footprintStatus":"full","officialMapUrl":"https://map.wisc.edu/?initObj=0111"}},{"type":"Feature","id":"433","geometry":{"type":"Polygon","coordinates":[[[-89.4017693,43.070713701],[-89.40175,43.070698301],[-89.4016292,43.070697701],[-89.4016142,43.070710201],[-89.4014684,43.070708201],[-89.4014677,43.070700201],[-89.401433,43.070700201],[-89.401397,43.070700201],[-89.401397,43.070707301],[-89.4012523,43.070705601],[-89.401234,43.070691901],[-89.4011187,43.070690701],[-89.4010933,43.070708801],[-89.4010947,43.070791401],[-89.401108,43.070804001],[-89.4011145,43.070810101],[-89.4012373,43.070811301],[-89.4012515,43.070798901],[-89.4016058,43.070801301],[-89.4016256,43.070815701],[-89.4017444,43.070816001],[-89.4017442,43.070799401],[-89.4017616,43.070799001],[-89.4017692,43.070798801],[-89.4017693,43.070713701]]]},"properties":{"mapObjectId":"433","name":"Merit Residence Hall","buildingNumber":"0575","streetAddress":"919 W. Dayton St.","description":null,"hours":null,"center":[-89.40142974354197,43.07075343657847],"footprintStatus":"full","officialMapUrl":"https://map.wisc.edu/?initObj=0575"}},{"type":"Feature","id":"713","geometry":{"type":"Polygon","coordinates":[[[-89.3990538,43.070566201],[-89.3990494,43.070562101],[-89.3990091,43.070561701],[-89.3990215,43.070312801],[-89.3990159,43.070306501],[-89.399011,43.070303701],[-89.3987269,43.070299301],[-89.3986594,43.070299201],[-89.39866,43.070265701],[-89.3984775,43.070261301],[-89.398299,43.070258401],[-89.3975181,43.070245501],[-89.3975075,43.070764701],[-89.3984054,43.070825901],[-89.3990451,43.070791501],[-89.3990538,43.070566201]]]},"properties":{"mapObjectId":"713","name":"Nicholas Recreation Center","buildingNumber":"0026","streetAddress":"797 W Dayton St","description":null,"hours":null,"center":[-89.39826565824161,43.07053495954789],"footprintStatus":"full","officialMapUrl":"https://map.wisc.edu/?initObj=0026"}},{"type":"Feature","id":"491","geometry":{"type":"Polygon","coordinates":[[[-89.397288,43.071782201],[-89.3972598,43.071781901],[-89.3972602,43.071759301],[-89.3972433,43.071759201],[-89.3972438,43.071728301],[-89.3971943,43.071727901],[-89.3971938,43.071755201],[-89.3971752,43.071755101],[-89.3971819,43.071358601],[-89.3971324,43.071358201],[-89.3971327,43.071343901],[-89.3971499,43.071344001],[-89.3971519,43.071223601],[-89.3971348,43.071223401],[-89.397138,43.071075701],[-89.397139,43.071069901],[-89.3971021,43.071069601],[-89.3971024,43.071049201],[-89.3970105,43.071048301],[-89.3970102,43.071069901],[-89.3969835,43.071069601],[-89.3969811,43.071222301],[-89.396899,43.071221601],[-89.3968974,43.071316801],[-89.3969782,43.071317501],[-89.3969777,43.071345801],[-89.3969775,43.071355601],[-89.3969207,43.071355101],[-89.3969176,43.071537001],[-89.396914,43.071752001],[-89.3968467,43.071751401],[-89.3968477,43.071690901],[-89.3967203,43.071689801],[-89.3967193,43.071747701],[-89.3963456,43.071744301],[-89.3963452,43.071768301],[-89.3963178,43.071768101],[-89.3963167,43.071834701],[-89.3963417,43.071835001],[-89.3963414,43.071855701],[-89.3967139,43.071859101],[-89.3967135,43.071878401],[-89.396877,43.071879901],[-89.3968773,43.071863001],[-89.397257,43.071866401],[-89.3972574,43.071843201],[-89.397287,43.071843501],[-89.397288,43.071782201]]]},"properties":{"mapObjectId":"491","name":"Witte Residence Hall","buildingNumber":"1246","streetAddress":"615 W. Johnson St.","description":null,"hours":null,"center":[-89.3969440656365,43.07159091764505],"footprintStatus":"full","officialMapUrl":"https://map.wisc.edu/?initObj=1246"}},{"type":"Feature","id":"510","geometry":{"type":"MultiPolygon","coordinates":[[[[-89.4391362,43.087472501],[-89.439051,43.087540201],[-89.4385859,43.087228101],[-89.4386712,43.087160401],[-89.4391362,43.087472501]]],[[[-89.4389976,43.087582901],[-89.4387632,43.087772001],[-89.4386682,43.087709101],[-89.4389026,43.087520101],[-89.4389976,43.087582901]]],[[[-89.4385931,43.087641801],[-89.4381647,43.087976601],[-89.4380738,43.087914601],[-89.4385022,43.087579701],[-89.4385931,43.087641801]]],[[[-89.4384066,43.088239201],[-89.4383211,43.088305301],[-89.4379535,43.088051401],[-89.438039,43.087985401],[-89.4384066,43.088239201]]],[[[-89.4387953,43.088263401],[-89.4383654,43.088612301],[-89.4382684,43.088548601],[-89.4386983,43.088199601],[-89.4387953,43.088263401]]],[[[-89.4381032,43.088785401],[-89.4378667,43.088975101],[-89.4377714,43.088911701],[-89.438008,43.088722001],[-89.4381032,43.088785401]]],[[[-89.4378101,43.089021001],[-89.4373783,43.089366101],[-89.4372854,43.089304101],[-89.4377172,43.088959001],[-89.4378101,43.089021001]]],[[[-89.4373592,43.089448301],[-89.437277,43.089511101],[-89.4369065,43.089252801],[-89.4369886,43.089190001],[-89.4373592,43.089448301]]],[[[-89.4378057,43.088481201],[-89.4373693,43.088825401],[-89.4372764,43.088762601],[-89.4377128,43.088418401],[-89.4378057,43.088481201]]],[[[-89.4371949,43.088818201],[-89.4367578,43.089159301],[-89.4366649,43.089095801],[-89.437102,43.088754701],[-89.4371949,43.088818201]]]]},"properties":{"mapObjectId":"510","name":"Eagle Heights Buildings 601-610","buildingNumber":null,"streetAddress":null,"description":null,"hours":null,"center":[-89.43795884193206,43.08843104717756],"footprintStatus":"full","officialMapUrl":"https://map.wisc.edu/"}},{"type":"Feature","id":"662","geometry":{"type":"Polygon","coordinates":[[[-89.4137074,43.068765201],[-89.4136965,43.068765201],[-89.4136966,43.068747001],[-89.4132593,43.068746901],[-89.4132593,43.068765001],[-89.4132493,43.068765001],[-89.4132491,43.068961301],[-89.4132643,43.068984501],[-89.413285,43.068993201],[-89.4133276,43.069016001],[-89.41334,43.069023401],[-89.4135281,43.068961401],[-89.4137072,43.068961501],[-89.413707,43.068921901],[-89.4137074,43.068765201]]]},"properties":{"mapObjectId":"662","name":"Athletics Operations Building","buildingNumber":"0584","streetAddress":"25 N Breese Terrace","description":null,"hours":null,"center":[-89.41346871539712,43.06886547330793],"footprintStatus":"full","officialMapUrl":"https://map.wisc.edu/?initObj=0584"}},{"type":"Feature","id":"452","geometry":{"type":"Polygon","coordinates":[[[-89.4287672,43.078710701],[-89.4287653,43.078511001],[-89.4287658,43.078164601],[-89.4287633,43.078123001],[-89.4284798,43.078213901],[-89.428393,43.078078101],[-89.4282848,43.078111001],[-89.4283059,43.078140901],[-89.4282567,43.078143201],[-89.4282534,43.078074001],[-89.4281944,43.078075801],[-89.4281329,43.078077701],[-89.4281338,43.078151401],[-89.4280636,43.078152101],[-89.4279972,43.078163201],[-89.4279131,43.078181801],[-89.427829,43.078209301],[-89.4277574,43.078239901],[-89.4277033,43.078270301],[-89.4276421,43.078308501],[-89.4278346,43.078449901],[-89.4278826,43.078437601],[-89.427905,43.078467201],[-89.4272429,43.078680101],[-89.4274291,43.078682501],[-89.4274545,43.078720701],[-89.427267,43.078782801],[-89.4283712,43.078789801],[-89.4285531,43.078738301],[-89.42859,43.078779401],[-89.4286033,43.078794101],[-89.4286427,43.078774501],[-89.4286224,43.078745401],[-89.4286577,43.078731001],[-89.4286662,43.078743901],[-89.4287672,43.078710701]]]},"properties":{"mapObjectId":"452","name":"Rennebohm Hall","buildingNumber":"0034","streetAddress":"777 Highland Ave.","description":null,"hours":null,"center":[-89.42818033412811,43.07848475884766],"footprintStatus":"full","officialMapUrl":"https://map.wisc.edu/?initObj=0034"}},{"type":"Feature","id":"485","geometry":{"type":"Polygon","coordinates":[[[-89.4003858,43.072178901],[-89.3998711,43.072172701],[-89.3998706,43.072195701],[-89.3997116,43.072194001],[-89.3997057,43.072477801],[-89.399675,43.072477501],[-89.3996743,43.072510801],[-89.3995382,43.072509301],[-89.3995369,43.072575901],[-89.3995026,43.072575601],[-89.3992971,43.072576001],[-89.3992968,43.072613001],[-89.3992953,43.072790401],[-89.399295,43.072832301],[-89.3991975,43.072831901],[-89.3991954,43.073084601],[-89.399537,43.073086201],[-89.399538,43.072970001],[-89.3998969,43.072971601],[-89.4000569,43.072972301],[-89.4000567,43.072997401],[-89.4001528,43.072997801],[-89.400153,43.072974801],[-89.4003104,43.072975501],[-89.4003109,43.072916801],[-89.4003468,43.072916901],[-89.4003503,43.072499001],[-89.4003831,43.072499101],[-89.4003858,43.072178901]]]},"properties":{"mapObjectId":"485","name":"Vilas Hall","buildingNumber":"0545","streetAddress":"821 University Ave.","description":null,"hours":null,"center":[-89.39986377177232,43.07264502572392],"footprintStatus":"full","officialMapUrl":"https://map.wisc.edu/?initObj=0545"}},{"type":"Feature","id":"383","geometry":{"type":"Polygon","coordinates":[[[-89.4130931,43.068755401],[-89.4130586,43.068755101],[-89.4130638,43.068424001],[-89.413076,43.068424101],[-89.4130766,43.068383901],[-89.4130772,43.068334701],[-89.4130288,43.068334401],[-89.4130291,43.068313401],[-89.4123347,43.068308501],[-89.4123344,43.068324701],[-89.4122849,43.068324301],[-89.4122846,43.068344601],[-89.4122831,43.068424801],[-89.4123019,43.068425001],[-89.4122922,43.068842501],[-89.4122901,43.068933401],[-89.4123244,43.068933901],[-89.4123238,43.068954301],[-89.4130648,43.068964501],[-89.4130658,43.068924401],[-89.4130674,43.068859701],[-89.4130562,43.068859501],[-89.4130576,43.068789101],[-89.4130925,43.068789401],[-89.4130931,43.068755401]]]},"properties":{"mapObjectId":"383","name":"Field House","buildingNumber":"0029","streetAddress":"1450 Monroe St.","description":null,"hours":null,"center":[-89.41268064539531,43.068635067625884],"footprintStatus":"full","officialMapUrl":"https://map.wisc.edu/?initObj=0029"}},{"type":"Feature","id":"479","geometry":{"type":"Polygon","coordinates":[[[-89.4113757,43.078135001],[-89.4113748,43.078047201],[-89.4113587,43.078047301],[-89.4113567,43.077854001],[-89.4112624,43.077854601],[-89.411262,43.077817101],[-89.41129,43.077816901],[-89.4112893,43.077745201],[-89.4111815,43.077745801],[-89.4111822,43.077816001],[-89.4111522,43.077816201],[-89.4111516,43.077751001],[-89.4106961,43.077753501],[-89.4106972,43.077861001],[-89.4106267,43.077861401],[-89.4106284,43.078038201],[-89.4107829,43.078037301],[-89.4107813,43.077880001],[-89.4111522,43.077878001],[-89.4111519,43.077854701],[-89.4111952,43.077854501],[-89.4111956,43.077899401],[-89.4111973,43.078063701],[-89.4109844,43.078064801],[-89.4109843,43.078060001],[-89.4108658,43.078060601],[-89.4108658,43.078065601],[-89.4104854,43.078067601],[-89.4104866,43.078191601],[-89.4106288,43.078190901],[-89.4106289,43.078200501],[-89.4107474,43.078199901],[-89.4107473,43.078190201],[-89.4111507,43.078188101],[-89.4111498,43.078096601],[-89.4111965,43.078096301],[-89.4111976,43.078206801],[-89.4113603,43.078206001],[-89.4113595,43.078135101],[-89.4113757,43.078135001]]]},"properties":{"mapObjectId":"479","name":"Tripp Residence Hall","buildingNumber":"0563","streetAddress":"1510 Tripp Cir.","description":null,"hours":null,"center":[-89.41096614975703,43.077994145559124],"footprintStatus":"full","officialMapUrl":"https://map.wisc.edu/?initObj=0563"}},{"type":"Feature","id":"413","geometry":{"type":"Polygon","coordinates":[[[-89.4146714,43.077750101],[-89.4146712,43.077664001],[-89.414618,43.077663901],[-89.4146181,43.077635901],[-89.4145588,43.077635901],[-89.4145588,43.077625601],[-89.4142959,43.077625501],[-89.4142959,43.077636901],[-89.414247,43.077636801],[-89.4142469,43.077689201],[-89.4142468,43.077764401],[-89.4142948,43.077764501],[-89.4142946,43.077871001],[-89.4142581,43.077870901],[-89.4142581,43.077895101],[-89.4142349,43.077895101],[-89.4142349,43.077923701],[-89.414205,43.077923701],[-89.4142049,43.077986401],[-89.4142756,43.077986501],[-89.4142756,43.078056401],[-89.4144506,43.078057301],[-89.4144497,43.077923701],[-89.4143902,43.077923601],[-89.4143902,43.077875501],[-89.414565,43.077875601],[-89.414565,43.077823001],[-89.414671,43.077823101],[-89.4146714,43.077750101]]]},"properties":{"mapObjectId":"413","name":"Holt Center (Kronshage)","buildingNumber":"0574H","streetAddress":"1650 Kronshage Dr.","description":"Kronshage","hours":null,"center":[-89.41442379330158,43.07780565355987],"footprintStatus":"full","officialMapUrl":"https://map.wisc.edu/?initObj=0574H"}},{"type":"Feature","id":"550","geometry":{"type":"Polygon","coordinates":[[[-89.4005398,43.070652501],[-89.4005042,43.070652501],[-89.4005049,43.070632001],[-89.3999571,43.070623601],[-89.3999597,43.070522701],[-89.4005022,43.070483101],[-89.4004995,43.070461501],[-89.4005324,43.070457101],[-89.4005197,43.070358601],[-89.4004888,43.070360601],[-89.4004767,43.070303301],[-89.4003762,43.070310101],[-89.4003768,43.070318001],[-89.400287,43.070325801],[-89.400285,43.070318001],[-89.4001918,43.070324401],[-89.4001938,43.070331701],[-89.4000979,43.070339001],[-89.4000972,43.070333701],[-89.3999966,43.070338601],[-89.4,43.070345401],[-89.3999718,43.070347401],[-89.3999497,43.070348401],[-89.3999349,43.070347901],[-89.3999068,43.070344401],[-89.399888,43.070342001],[-89.3998873,43.070337601],[-89.3997847,43.070335601],[-89.3997867,43.070343901],[-89.3996962,43.070342501],[-89.3996976,43.070335101],[-89.399597,43.070332201],[-89.3995976,43.070339501],[-89.3995058,43.070337601],[-89.3995058,43.070328801],[-89.3994012,43.070326301],[-89.3994032,43.070388501],[-89.3993677,43.070388001],[-89.3993656,43.070433601],[-89.3993784,43.070433101],[-89.3993764,43.070487501],[-89.3993972,43.070487501],[-89.3993998,43.070510001],[-89.3995565,43.070512701],[-89.3999155,43.070518801],[-89.3999135,43.070619201],[-89.3998102,43.070616301],[-89.3998122,43.070648601],[-89.3998062,43.070655001],[-89.3997935,43.070648101],[-89.3997646,43.070681901],[-89.3998471,43.070717701],[-89.3998377,43.070729901],[-89.3997894,43.070729901],[-89.399789,43.070751101],[-89.3997881,43.070799001],[-89.3998166,43.070799801],[-89.3999349,43.070802901],[-89.3999349,43.070797101],[-89.4000235,43.070798501],[-89.4000214,43.070804401],[-89.4001214,43.070805401],[-89.400122,43.070798501],[-89.4002125,43.070799001],[-89.4002132,43.070806901],[-89.4003118,43.070808801],[-89.4003118,43.070802901],[-89.4003321,43.070803101],[-89.4003976,43.070803901],[-89.4003976,43.070810301],[-89.4005016,43.070811701],[-89.4005029,43.070754401],[-89.4005398,43.070753901],[-89.4005398,43.070652501]]]},"properties":{"mapObjectId":"550","name":"Ogg Residence Hall","buildingNumber":"1243","streetAddress":"835 W. Dayton St.","description":null,"hours":null,"center":[-89.40002924881604,43.070536335080945],"footprintStatus":"full","officialMapUrl":"https://map.wisc.edu/?initObj=1243"}},{"type":"Feature","id":"697","geometry":{"type":"Polygon","coordinates":[[[-89.4048639,43.068683101],[-89.4048619,43.068392701],[-89.4042207,43.068395101],[-89.4042211,43.068460001],[-89.4042329,43.068459901],[-89.404234,43.068621501],[-89.4042221,43.068621501],[-89.4042225,43.068685501],[-89.4048639,43.068683101]]]},"properties":{"mapObjectId":"697","name":"30 N. Mills St.","buildingNumber":"0124","streetAddress":"30 N. Mills St.","description":null,"hours":null,"center":[-89.40454551786085,43.068539090148676],"footprintStatus":"full","officialMapUrl":"https://map.wisc.edu/?initObj=0124"}},{"type":"Feature","id":"438","geometry":{"type":"Polygon","coordinates":[[[-89.431027,43.079338001],[-89.4306295,43.079334301],[-89.4306302,43.079294501],[-89.4306571,43.079294801],[-89.4306603,43.079108301],[-89.4304065,43.079105901],[-89.4304056,43.079157101],[-89.4302856,43.079156001],[-89.4301597,43.079154901],[-89.4301606,43.079103601],[-89.4299055,43.079101201],[-89.4299023,43.079287501],[-89.4299316,43.079287801],[-89.4299308,43.079328701],[-89.429802,43.079327501],[-89.429572,43.079325401],[-89.4295374,43.079325101],[-89.4295257,43.080000101],[-89.4295251,43.080036201],[-89.4296293,43.080037201],[-89.4309911,43.080049701],[-89.4310147,43.080049901],[-89.431027,43.079338001]]]},"properties":{"mapObjectId":"438","name":"Nielsen Tennis Stadium","buildingNumber":"0038","streetAddress":"1000 Highland Ave.","description":null,"hours":null,"center":[-89.43027681853992,43.07962774985195],"footprintStatus":"full","officialMapUrl":"https://map.wisc.edu/?initObj=0038"}},{"type":"Feature","id":"342","geometry":{"type":"Polygon","coordinates":[[[-89.4157102,43.076097001],[-89.415687,43.076096801],[-89.4156917,43.075800301],[-89.4155567,43.075799201],[-89.4155572,43.075769201],[-89.4154136,43.075768001],[-89.4154095,43.076028601],[-89.4152188,43.076027101],[-89.4152183,43.076065901],[-89.415162,43.076065401],[-89.4151625,43.076031801],[-89.4151091,43.076031401],[-89.4151093,43.076017401],[-89.4149812,43.076016301],[-89.414981,43.076030201],[-89.4147631,43.076028401],[-89.4147607,43.076179101],[-89.4147438,43.076179001],[-89.4147426,43.076253301],[-89.4147597,43.076253401],[-89.4147593,43.076275201],[-89.4149572,43.076276901],[-89.414957,43.076290201],[-89.4150813,43.076291301],[-89.4150815,43.076277901],[-89.415125,43.076278301],[-89.4151256,43.076244301],[-89.4151593,43.076244701],[-89.4152181,43.076245201],[-89.4152174,43.076290801],[-89.4154717,43.076292901],[-89.4154723,43.076254401],[-89.4155231,43.076254901],[-89.4155563,43.076255101],[-89.4155559,43.076282001],[-89.4156883,43.076283101],[-89.4156893,43.076216501],[-89.4157084,43.076216601],[-89.4157102,43.076097001]]]},"properties":{"mapObjectId":"342","name":"Animal Science Building","buildingNumber":"0118","streetAddress":"1675 Observatory Dr.","description":null,"hours":null,"center":[-89.41529900110932,43.076098504071],"footprintStatus":"full","officialMapUrl":"https://map.wisc.edu/?initObj=0118"}},{"type":"Feature","id":"361","geometry":{"type":"Polygon","coordinates":[[[-89.4060236,43.073897001],[-89.4059518,43.073896601],[-89.4059533,43.073731201],[-89.4059643,43.073731301],[-89.4059654,43.073615001],[-89.4054542,43.073612701],[-89.4053726,43.073611801],[-89.4051965,43.073611701],[-89.4048454,43.073609401],[-89.4048405,43.074138601],[-89.4048905,43.074138901],[-89.4050168,43.074139501],[-89.4050182,43.073993901],[-89.4050187,43.073939301],[-89.4050771,43.073939601],[-89.4050732,43.073992801],[-89.4055045,43.073999301],[-89.4055019,43.074280001],[-89.4055653,43.074280301],[-89.4056012,43.074280501],[-89.4057447,43.074281201],[-89.4057456,43.074176201],[-89.4059319,43.074177101],[-89.405933,43.074055701],[-89.4059503,43.074055801],[-89.4059511,43.073970001],[-89.4060229,43.073970401],[-89.4060236,43.073897001]]]},"properties":{"mapObjectId":"361","name":"Chamberlin Hall","buildingNumber":"0055","streetAddress":"1150 University Ave.","description":null,"hours":null,"center":[-89.40544068768608,43.073874885388314],"footprintStatus":"full","officialMapUrl":"https://map.wisc.edu/?initObj=0055"}},{"type":"Feature","id":"519","geometry":{"type":"Polygon","coordinates":[[[-89.3981781,43.074467301],[-89.3975196,43.074455201],[-89.3975148,43.074821601],[-89.3978297,43.074827901],[-89.3978294,43.074807501],[-89.3978744,43.074807801],[-89.3978739,43.074828801],[-89.3981663,43.074833001],[-89.3981776,43.074517601],[-89.3981781,43.074467301]]]},"properties":{"mapObjectId":"519","name":"711 State St.","buildingNumber":"8122","streetAddress":"711 State St.","description":null,"hours":null,"center":[-89.39784488583827,43.074643471129114],"footprintStatus":"full","officialMapUrl":"https://map.wisc.edu/?initObj=8122"}},{"type":"Feature","id":"509","geometry":{"type":"MultiPolygon","coordinates":[[[[-89.4397821,43.087016801],[-89.4396525,43.087041801],[-89.4394914,43.086597301],[-89.4396209,43.086572201],[-89.4397821,43.087016801]]],[[[-89.4404386,43.086800901],[-89.4398375,43.086918901],[-89.4398084,43.086839801],[-89.4404096,43.086721901],[-89.4404386,43.086800901]]],[[[-89.439827,43.086545501],[-89.4396954,43.086571201],[-89.4396059,43.086325901],[-89.4397374,43.086300301],[-89.4397985,43.086467401],[-89.439827,43.086545501]]],[[[-89.4407842,43.087432001],[-89.4406572,43.087456801],[-89.4404924,43.087006401],[-89.4406194,43.086981601],[-89.4407842,43.087432001]]],[[[-89.4411921,43.087370801],[-89.4408555,43.087434501],[-89.4408232,43.087343301],[-89.4411597,43.087279601],[-89.4411921,43.087370801]]],[[[-89.4414491,43.087158501],[-89.441112,43.087227601],[-89.441078,43.087139001],[-89.4414151,43.087069901],[-89.4414491,43.087158501]]],[[[-89.4420717,43.087195601],[-89.4414826,43.087317301],[-89.441445,43.087220001],[-89.442034,43.087098301],[-89.4420717,43.087195601]]],[[[-89.4413694,43.086840901],[-89.4412447,43.086865001],[-89.4411117,43.086499301],[-89.4412364,43.086475101],[-89.4413694,43.086840901]]],[[[-89.4409202,43.086423101],[-89.4405817,43.086489301],[-89.440576,43.086473601],[-89.4403156,43.086524501],[-89.4402887,43.086451301],[-89.4408875,43.086334101],[-89.4409202,43.086423101]]]]},"properties":{"mapObjectId":"509","name":"Eagle Heights Buildings 501-509","buildingNumber":null,"streetAddress":null,"description":null,"hours":null,"center":[-89.4406613098836,43.08689962864343],"footprintStatus":"full","officialMapUrl":"https://map.wisc.edu/"}},{"type":"Feature","id":"382","geometry":{"type":"Polygon","coordinates":[[[-89.3980986,43.074077901],[-89.3980082,43.074076301],[-89.3980093,43.074043901],[-89.3980099,43.074027101],[-89.3978084,43.074023501],[-89.3978078,43.074041501],[-89.3978066,43.074077101],[-89.3977015,43.074075301],[-89.397701,43.074091401],[-89.3977002,43.074114001],[-89.3976995,43.074135401],[-89.3976915,43.074377101],[-89.3977461,43.074378101],[-89.3977921,43.074378901],[-89.3977911,43.074408001],[-89.397997,43.074411601],[-89.3979979,43.074386001],[-89.3980882,43.074387601],[-89.3980885,43.074379001],[-89.3980903,43.074326501],[-89.3980913,43.074294801],[-89.3980965,43.074141701],[-89.3980977,43.074105801],[-89.3980986,43.074077901]]]},"properties":{"mapObjectId":"382","name":"Extension Building","buildingNumber":"0500","streetAddress":"432 N. Lake St.","description":null,"hours":null,"center":[-89.39789677222102,43.07422286554876],"footprintStatus":"full","officialMapUrl":"https://map.wisc.edu/?initObj=0500"}},{"type":"Feature","id":"437","geometry":{"type":"Polygon","coordinates":[[[-89.3985484,43.069408701],[-89.3984712,43.069384801],[-89.3984886,43.069350001],[-89.3980561,43.069338601],[-89.3978447,43.069272501],[-89.3978994,43.069174901],[-89.397952,43.069080901],[-89.3974361,43.068928401],[-89.3974262,43.068925501],[-89.3974158,43.069304201],[-89.3976514,43.069306501],[-89.3976526,43.069334901],[-89.3976558,43.069390201],[-89.397655,43.069450901],[-89.3976356,43.069534101],[-89.3981858,43.069705201],[-89.3983527,43.069756101],[-89.3985484,43.069408701]]]},"properties":{"mapObjectId":"437","name":"Nicholas-Johnson Pavilion and Plaza","buildingNumber":"0226","streetAddress":"601 W. Dayton St.","description":null,"hours":null,"center":[-89.39793238954405,43.06936914752775],"footprintStatus":"full","officialMapUrl":"https://map.wisc.edu/?initObj=0226"}},{"type":"Feature","id":"449","geometry":{"type":"Polygon","coordinates":[[[-89.4065963,43.072315001],[-89.4065381,43.072315001],[-89.406381,43.072314901],[-89.406381,43.072287101],[-89.4061296,43.072287001],[-89.4061295,43.072361701],[-89.4060898,43.072361701],[-89.4060898,43.072402801],[-89.4060897,43.072444001],[-89.4061312,43.072444001],[-89.4061312,43.072463201],[-89.4058614,43.072463101],[-89.4058613,43.072584701],[-89.4059648,43.072584701],[-89.4059647,43.072611101],[-89.4059647,43.072637401],[-89.4058937,43.072637401],[-89.4058935,43.072955601],[-89.4061658,43.072955701],[-89.406166,43.072707601],[-89.4063885,43.072707701],[-89.4063885,43.072681301],[-89.406596,43.072681401],[-89.4065963,43.072315001]]]},"properties":{"mapObjectId":"449","name":"Brogden Psychology Building","buildingNumber":"0470","streetAddress":"1202 W. Johnson St.","description":null,"hours":null,"center":[-89.40621825054812,43.07258389626221],"footprintStatus":"full","officialMapUrl":"https://map.wisc.edu/?initObj=0470"}},{"type":"Feature","id":"506","geometry":{"type":"MultiPolygon","coordinates":[[[[-89.4384537,43.085812101],[-89.4379702,43.086081601],[-89.4378899,43.086004701],[-89.4383734,43.085735301],[-89.4384537,43.085812101]]],[[[-89.4386203,43.085405601],[-89.4382479,43.085618001],[-89.4381641,43.085539501],[-89.4385364,43.085327101],[-89.4386203,43.085405601]]],[[[-89.4372068,43.085712101],[-89.4367526,43.085806001],[-89.4367149,43.085708901],[-89.4371691,43.085614901],[-89.4372068,43.085712101]]],[[[-89.4366666,43.085626601],[-89.436665,43.085722301],[-89.4360637,43.085716701],[-89.4360654,43.085621101],[-89.4366666,43.085626601]]],[[[-89.4389071,43.085866001],[-89.4388159,43.086093801],[-89.4386866,43.086066201],[-89.4387777,43.085838401],[-89.4389071,43.085866001]]],[[[-89.4359794,43.085728901],[-89.4359416,43.085818001],[-89.4354898,43.085715601],[-89.4355276,43.085626501],[-89.4359794,43.085728901]]],[[[-89.4389197,43.085570701],[-89.4388294,43.085794901],[-89.4387032,43.085767801],[-89.4387934,43.085543601],[-89.4389197,43.085570701]]],[[[-89.4380342,43.085489601],[-89.4375593,43.085756501],[-89.4374787,43.085680001],[-89.4379535,43.085413101],[-89.4380342,43.085489601]]],[[[-89.4389487,43.084969101],[-89.4388616,43.084884901],[-89.438395,43.085142401],[-89.4384821,43.085226501],[-89.4389487,43.084969101]]]]},"properties":{"mapObjectId":"506","name":"Eagle Heights Buildings 201-209","buildingNumber":null,"streetAddress":null,"description":null,"hours":null,"center":[-89.43768637592419,43.085614409676324],"footprintStatus":"full","officialMapUrl":"https://map.wisc.edu/"}},{"type":"Feature","id":"505","geometry":{"type":"MultiPolygon","coordinates":[[[[-89.4355528,43.084342201],[-89.435155,43.084508501],[-89.4350871,43.084421901],[-89.435485,43.084255601],[-89.4355528,43.084342201]]],[[[-89.4348442,43.084645701],[-89.4345684,43.084763801],[-89.434504,43.084683601],[-89.4347798,43.084565401],[-89.4348442,43.084645701]]],[[[-89.4345805,43.084885901],[-89.4339992,43.085004601],[-89.4339644,43.084913601],[-89.4345457,43.084795001],[-89.4345805,43.084885901]]],[[[-89.4343052,43.084431501],[-89.4339991,43.084493101],[-89.4339651,43.084402801],[-89.4342711,43.084341201],[-89.4343052,43.084431501]]],[[[-89.4348382,43.084114501],[-89.4343192,43.084340801],[-89.4342525,43.084259101],[-89.4347714,43.084032801],[-89.4348382,43.084114501]]],[[[-89.4355327,43.083893701],[-89.4351268,43.084069701],[-89.43506,43.083987501],[-89.4354658,43.083811501],[-89.4355327,43.083893701]]],[[[-89.4360822,43.083679801],[-89.4359901,43.083614601],[-89.4355827,43.083921801],[-89.4356748,43.083987001],[-89.4360822,43.083679801]]],[[[-89.4366606,43.083485901],[-89.4365672,43.083418801],[-89.4361422,43.083734301],[-89.4362356,43.083801401],[-89.4366606,43.083485901]]],[[[-89.4368962,43.083224701],[-89.4368287,43.083142501],[-89.4364353,43.083314901],[-89.4365027,43.083397001],[-89.4368962,43.083224701]]]]},"properties":{"mapObjectId":"505","name":"Eagle Heights Buildings 101-108","buildingNumber":null,"streetAddress":null,"description":null,"hours":null,"center":[-89.4352967367024,43.084102848343406],"footprintStatus":"full","officialMapUrl":"https://map.wisc.edu/"}},{"type":"Feature","id":"397","geometry":{"type":"Polygon","coordinates":[[[-89.4314837,43.077513801],[-89.4314193,43.077462901],[-89.4313735,43.077493001],[-89.4313217,43.077492101],[-89.4310265,43.077487001],[-89.4310276,43.077357201],[-89.4307989,43.077355201],[-89.4308012,43.077223301],[-89.4301149,43.077216901],[-89.4301157,43.077206501],[-89.4300538,43.077207301],[-89.4300538,43.077216401],[-89.4294954,43.077209301],[-89.4294948,43.077182101],[-89.4294319,43.077181901],[-89.4294295,43.077418801],[-89.4294834,43.077418701],[-89.4294836,43.077493401],[-89.4298845,43.077501801],[-89.4298862,43.077575101],[-89.4299233,43.077575101],[-89.4299237,43.077613801],[-89.4298705,43.077616101],[-89.4298247,43.077619501],[-89.4297734,43.077625801],[-89.4297063,43.077642101],[-89.4296586,43.077655601],[-89.4296145,43.077674601],[-89.4295485,43.077705501],[-89.4295596,43.077742601],[-89.4295937,43.077879601],[-89.4298804,43.077884301],[-89.4300652,43.077885201],[-89.4300666,43.077910101],[-89.430111,43.077910901],[-89.4301101,43.077884901],[-89.4302345,43.077884401],[-89.4303367,43.077877401],[-89.4304362,43.077868301],[-89.4305245,43.077853101],[-89.4306182,43.077832801],[-89.4306957,43.077814001],[-89.4307709,43.077788901],[-89.4308681,43.077754301],[-89.430943,43.077720901],[-89.4309186,43.077696301],[-89.4310189,43.077651101],[-89.4310204,43.077583201],[-89.4310653,43.077584001],[-89.431064,43.077516001],[-89.4313588,43.077523201],[-89.4314071,43.077524401],[-89.4314378,43.077546801],[-89.431468,43.077524401],[-89.4314837,43.077513801]]]},"properties":{"mapObjectId":"397","name":"Health Sciences Learning Center","buildingNumber":"1480","streetAddress":"750 Highland Ave.","description":null,"hours":null,"center":[-89.43025562106574,43.077531159841286],"footprintStatus":"full","officialMapUrl":"https://map.wisc.edu/?initObj=1480"}},{"type":"Feature","id":"669","geometry":{"type":"Polygon","coordinates":[[[-89.3989939,43.071318301],[-89.3989592,43.071317701],[-89.3989595,43.071309801],[-89.3989732,43.071310001],[-89.3989819,43.071028501],[-89.3987219,43.071024201],[-89.3987214,43.071041601],[-89.398686,43.071041001],[-89.3986857,43.071050701],[-89.3985493,43.071048701],[-89.3985497,43.071034201],[-89.3977869,43.071023501],[-89.3977807,43.071260001],[-89.3976413,43.071258001],[-89.3976388,43.071353401],[-89.3978847,43.071356801],[-89.3978841,43.071380401],[-89.3980371,43.071382501],[-89.3988198,43.071393501],[-89.3988201,43.071379401],[-89.3989038,43.071380601],[-89.3989922,43.071381901],[-89.3989939,43.071318301]]]},"properties":{"mapObjectId":"669","name":"Gordon Dining and Event Center","buildingNumber":"1249","streetAddress":"770 W. Dayton St.","description":null,"hours":null,"center":[-89.39836323641278,43.07121066456369],"footprintStatus":"full","officialMapUrl":"https://map.wisc.edu/?initObj=1249"}},{"type":"Feature","id":"504","geometry":{"type":"MultiPolygon","coordinates":[[[[-89.4411218,43.084047501],[-89.4410704,43.084103101],[-89.4407929,43.083966401],[-89.4408443,43.083910701],[-89.4409322,43.083954101],[-89.4409494,43.083935501],[-89.4410454,43.083982801],[-89.4410283,43.084001401],[-89.4411218,43.084047501]]],[[[-89.4415784,43.083959901],[-89.4413111,43.084100101],[-89.441257,43.084045101],[-89.4413432,43.083999901],[-89.441328,43.083984401],[-89.4414189,43.083936701],[-89.4414342,43.083952201],[-89.4415243,43.083904901],[-89.4415784,43.083959901]]],[[[-89.4393504,43.083884101],[-89.4393483,43.083955001],[-89.4390103,43.083949601],[-89.4390124,43.083878701],[-89.4393504,43.083884101]]],[[[-89.4389468,43.083744601],[-89.4389445,43.083820001],[-89.4389204,43.083819601],[-89.438918,43.083902301],[-89.4388218,43.083900801],[-89.4388291,43.083655701],[-89.4389252,43.083657201],[-89.4389226,43.083744201],[-89.4389468,43.083744601]]],[[[-89.4393512,43.083622901],[-89.4393489,43.083694201],[-89.4392025,43.083691701],[-89.4392021,43.083703901],[-89.4391652,43.083703301],[-89.4391656,43.083691001],[-89.439014,43.083688401],[-89.4390162,43.083617201],[-89.4393512,43.083622901]]],[[[-89.4416427,43.082860301],[-89.4415944,43.082921001],[-89.4414925,43.082877701],[-89.4414798,43.082893601],[-89.4413918,43.082856201],[-89.4414045,43.082840301],[-89.4413304,43.082808801],[-89.4413787,43.082748101],[-89.4416427,43.082860301]]],[[[-89.4410479,43.082801301],[-89.4409495,43.082844101],[-89.4409604,43.082857501],[-89.4408736,43.082895301],[-89.4408626,43.082881801],[-89.44076,43.082926301],[-89.4407104,43.082865401],[-89.4409983,43.082740501],[-89.4410479,43.082801301]]],[[[-89.4415755,43.083184401],[-89.4413414,43.083361801],[-89.4412701,43.083311601],[-89.441365,43.083239701],[-89.4413476,43.083227401],[-89.4414017,43.083186501],[-89.4414191,43.083198701],[-89.4415042,43.083134201],[-89.4415755,43.083184401]]],[[[-89.4410961,43.083312101],[-89.4410279,43.083363001],[-89.4407864,43.083190201],[-89.4408546,43.083139401],[-89.4408933,43.083167001],[-89.4408988,43.083162901],[-89.4409431,43.083194701],[-89.4409532,43.083187101],[-89.4410281,43.083240701],[-89.4410165,43.083249401],[-89.4410602,43.083280601],[-89.4410562,43.083283601],[-89.4410961,43.083312101]]],[[[-89.4410946,43.083534601],[-89.4409912,43.083611301],[-89.4410049,43.083621101],[-89.4409779,43.083641101],[-89.4409643,43.083631301],[-89.4408585,43.083709801],[-89.4407929,43.083662701],[-89.441029,43.083487501],[-89.4410946,43.083534601]]],[[[-89.4415748,43.083650801],[-89.4415022,43.083705601],[-89.4413979,43.083632001],[-89.4413878,43.083639601],[-89.4413599,43.083619801],[-89.4413699,43.083612201],[-89.4412659,43.083538801],[-89.4413384,43.083484001],[-89.4415748,43.083650801]]],[[[-89.4397587,43.083994001],[-89.4397569,43.084064601],[-89.4394183,43.084059901],[-89.4394201,43.083989401],[-89.4395135,43.083990701],[-89.439514,43.083971801],[-89.4396468,43.083973601],[-89.4396463,43.083992501],[-89.4397587,43.083994001]]],[[[-89.4402511,43.083954601],[-89.4401571,43.083990701],[-89.4401204,43.083939901],[-89.4399509,43.084005101],[-89.4399875,43.084055901],[-89.4399054,43.084087501],[-89.4398741,43.084044101],[-89.4398586,43.084050101],[-89.4398261,43.084005001],[-89.4398764,43.083985601],[-89.4398681,43.083974201],[-89.4399115,43.083957501],[-89.4399014,43.083943601],[-89.440085,43.083873001],[-89.440095,43.083886901],[-89.4401343,43.083871801],[-89.4401425,43.083883301],[-89.4401873,43.083866001],[-89.4402511,43.083954601]]],[[[-89.4407131,43.083915401],[-89.4407078,43.083963001],[-89.440685,43.083961601],[-89.4406797,43.084009801],[-89.4406047,43.084005401],[-89.4406031,43.084020501],[-89.4404224,43.084009801],[-89.440424,43.083994701],[-89.4403466,43.083990101],[-89.4403588,43.083879901],[-89.4404463,43.083885001],[-89.4404404,43.083938901],[-89.4405955,43.083948001],[-89.4406014,43.083894201],[-89.4406569,43.083897501],[-89.4406553,43.083912001],[-89.4407131,43.083915401]]],[[[-89.442032,43.083982001],[-89.4419502,43.083987601],[-89.4419524,43.084004601],[-89.4417728,43.084016901],[-89.4417706,43.083999901],[-89.4416882,43.084005501],[-89.4416758,43.083909301],[-89.4417176,43.083906401],[-89.4417159,43.083893001],[-89.4417682,43.083889501],[-89.4417733,43.083929701],[-89.4419293,43.083919001],[-89.4419241,43.083878801],[-89.4419801,43.083875001],[-89.4419818,43.083888401],[-89.4420197,43.083885801],[-89.442032,43.083982001]]],[[[-89.4424657,43.083928301],[-89.4424385,43.083996301],[-89.4421172,43.083927601],[-89.4421444,43.083859701],[-89.4422535,43.083883001],[-89.4422596,43.083867601],[-89.442359,43.083888801],[-89.4423528,43.083904201],[-89.4424657,43.083928301]]],[[[-89.4429182,43.084018901],[-89.4428352,43.084039301],[-89.4428105,43.083985701],[-89.4426295,43.084030101],[-89.4426541,43.084083701],[-89.4425657,43.084105401],[-89.4425469,43.084064401],[-89.4425281,43.084069001],[-89.4425051,43.084019001],[-89.4425594,43.084005701],[-89.442553,43.083991801],[-89.4426006,43.083980101],[-89.4425936,43.083964901],[-89.4427813,43.083918801],[-89.4427884,43.083934101],[-89.4428324,43.083923301],[-89.4428388,43.083937101],[-89.4428929,43.083923801],[-89.4429128,43.083967101],[-89.4428963,43.083971201],[-89.4429182,43.084018901]]],[[[-89.441994,43.083712201],[-89.4418765,43.083719001],[-89.4418783,43.083736101],[-89.4417745,43.083742101],[-89.4417726,43.083725101],[-89.4416567,43.083731801],[-89.4416487,43.083658201],[-89.441986,43.083638601],[-89.4419912,43.083686101],[-89.441994,43.083712201]]],[[[-89.4423555,43.083458501],[-89.4423036,43.083534301],[-89.4422419,43.083511801],[-89.442173,43.083612501],[-89.4422347,43.083635001],[-89.442186,43.083706101],[-89.4421047,43.083676401],[-89.4421113,43.083666801],[-89.4420623,43.083648901],[-89.4421017,43.083591301],[-89.442081,43.083583801],[-89.4421618,43.083465601],[-89.4421825,43.083473201],[-89.4422173,43.083422501],[-89.4422719,43.083442401],[-89.4422798,43.083430901],[-89.4423555,43.083458501]]],[[[-89.4407085,43.083235001],[-89.4406227,43.083266801],[-89.4405869,43.083215201],[-89.4404184,43.083277601],[-89.4404543,43.083329301],[-89.440372,43.083359801],[-89.4403569,43.083338001],[-89.4403458,43.083322001],[-89.4403299,43.083327901],[-89.4402977,43.083281601],[-89.4402954,43.083278201],[-89.4403435,43.083260401],[-89.4403356,43.083249101],[-89.4403817,43.083232101],[-89.4403723,43.083218601],[-89.4404377,43.083194401],[-89.4404293,43.083182201],[-89.4404744,43.083165501],[-89.4404829,43.083177701],[-89.4405548,43.083151101],[-89.4405641,43.083164601],[-89.4406045,43.083149601],[-89.4406092,43.083156401],[-89.4406447,43.083143201],[-89.4407085,43.083235001]]],[[[-89.4420648,43.083271501],[-89.4420028,43.083360901],[-89.4419009,43.083323301],[-89.4419364,43.083272001],[-89.4417677,43.083209601],[-89.4417333,43.083259101],[-89.4416546,43.083230101],[-89.4416815,43.083191401],[-89.4416646,43.083185101],[-89.4417062,43.083125201],[-89.4417718,43.083149401],[-89.4417821,43.083134601],[-89.441991,43.083211901],[-89.4419807,43.083226701],[-89.4420209,43.083241601],[-89.4420134,43.083252401],[-89.4420648,43.083271501]]],[[[-89.4407159,43.083662801],[-89.4407108,43.083713401],[-89.4407086,43.083735501],[-89.4405934,43.083729401],[-89.4405917,43.083745601],[-89.4404811,43.083739701],[-89.4404827,43.083723501],[-89.440373,43.083717601],[-89.4403803,43.083644901],[-89.4407159,43.083662801]]],[[[-89.4397327,43.083456701],[-89.4396977,43.083469701],[-89.4397065,43.083482201],[-89.4396574,43.083500401],[-89.4396254,43.083454301],[-89.4394848,43.083506501],[-89.4395168,43.083552601],[-89.4394661,43.083571401],[-89.4394574,43.083558801],[-89.4394206,43.083572501],[-89.4393614,43.083487401],[-89.4394391,43.083458601],[-89.439429,43.083444201],[-89.4395814,43.083387701],[-89.4395915,43.083402101],[-89.4396736,43.083371601],[-89.4397327,43.083456701]]],[[[-89.4427997,43.083532201],[-89.4426795,43.083574101],[-89.4426667,43.083554401],[-89.4426521,43.083559501],[-89.4426262,43.083520001],[-89.4426886,43.083498201],[-89.4426231,43.083398001],[-89.4425607,43.083419701],[-89.4425358,43.083381701],[-89.4425408,43.083380001],[-89.4425231,43.083352801],[-89.4426528,43.083307601],[-89.4426869,43.083359701],[-89.4427063,43.083353001],[-89.4427881,43.083478201],[-89.4427688,43.083484901],[-89.4427997,43.083532201]]],[[[-89.4403043,43.083654901],[-89.4401856,43.083698401],[-89.4401689,43.083674101],[-89.4401532,43.083679901],[-89.4401296,43.083645601],[-89.4401773,43.083628101],[-89.4401045,43.083522201],[-89.4400569,43.083539701],[-89.4400344,43.083507001],[-89.4400502,43.083501201],[-89.4400318,43.083474401],[-89.4401504,43.083430901],[-89.4401883,43.083486101],[-89.4402061,43.083479601],[-89.4402839,43.083592901],[-89.4402662,43.083599401],[-89.4403043,43.083654901]]],[[[-89.440186,43.082901701],[-89.4401709,43.082940601],[-89.4400977,43.082925401],[-89.4400553,43.083034401],[-89.4401285,43.083049601],[-89.4401128,43.083090001],[-89.4400893,43.083085201],[-89.4400743,43.083123901],[-89.4400175,43.083112201],[-89.4400253,43.083092101],[-89.4399578,43.083078101],[-89.4399765,43.083030001],[-89.4399551,43.083025601],[-89.4400118,43.082879801],[-89.4400332,43.082884301],[-89.4400496,43.082841901],[-89.4401172,43.082855901],[-89.4401209,43.082846201],[-89.4401777,43.082858001],[-89.4401626,43.082896901],[-89.440186,43.082901701]]],[[[-89.4406406,43.082820501],[-89.4406222,43.082863401],[-89.4406382,43.082867101],[-89.4406162,43.082918501],[-89.4405656,43.082906901],[-89.4405604,43.082918901],[-89.4405006,43.082905301],[-89.4405232,43.082852601],[-89.4403772,43.082819301],[-89.4403547,43.082872001],[-89.4403009,43.082859701],[-89.4403061,43.082847701],[-89.4402535,43.082835701],[-89.4402763,43.082782501],[-89.4402958,43.082787001],[-89.4403134,43.082745801],[-89.4403904,43.082763401],[-89.4403967,43.082748501],[-89.4405678,43.082787501],[-89.4405614,43.082802401],[-89.4406406,43.082820501]]],[[[-89.4430338,43.083816501],[-89.4429421,43.083839701],[-89.4429064,43.083764301],[-89.4428839,43.083770001],[-89.4428465,43.083691101],[-89.442869,43.083685401],[-89.4428324,43.083608101],[-89.4429241,43.083585001],[-89.4430338,43.083816501]]],[[[-89.4400143,43.083197601],[-89.4399415,43.083268101],[-89.4399607,43.083278701],[-89.4399058,43.083331901],[-89.4398865,43.083321301],[-89.4398185,43.083387101],[-89.4397422,43.083345101],[-89.439938,43.083155501],[-89.4400143,43.083197601]]],[[[-89.4425306,43.083238601],[-89.4424639,43.083288701],[-89.4423655,43.083218801],[-89.4423531,43.083228101],[-89.4423123,43.083199101],[-89.4423247,43.083189801],[-89.4422223,43.083117001],[-89.442289,43.083066901],[-89.4425306,43.083238601]]]]},"properties":{"mapObjectId":"504","name":"University Houses","buildingNumber":"1201","streetAddress":"1-41 Haight Road","description":null,"hours":null,"center":[-89.44097567694688,43.083542747135205],"footprintStatus":"full","officialMapUrl":"https://map.wisc.edu/?initObj=1201"}},{"type":"Feature","id":"391","geometry":{"type":"Polygon","coordinates":[[[-89.4298707,43.080911501],[-89.4298164,43.080875401],[-89.4294772,43.080871101],[-89.4290339,43.080865501],[-89.4290052,43.080947201],[-89.4289758,43.081042501],[-89.4289721,43.081096601],[-89.4289797,43.081164201],[-89.4290044,43.081225101],[-89.4290344,43.081283901],[-89.4290824,43.081337001],[-89.4291395,43.081387001],[-89.4292081,43.081433201],[-89.4292708,43.081471101],[-89.4293517,43.081497401],[-89.4294487,43.081516201],[-89.4295514,43.081526001],[-89.4296561,43.081521101],[-89.429739,43.081509301],[-89.4298658,43.081476101],[-89.4298685,43.081169401],[-89.4298707,43.080911501]]]},"properties":{"mapObjectId":"391","name":"Goodman Softball Complex","buildingNumber":"0175","streetAddress":"2415 University Bay Dr.","description":null,"hours":null,"center":[-89.42945360238929,43.08117282227961],"footprintStatus":"full","officialMapUrl":"https://map.wisc.edu/?initObj=0175"}},{"type":"Feature","id":"484","geometry":{"type":"Polygon","coordinates":[[[-89.421267,43.075048301],[-89.4206882,43.075045201],[-89.4206904,43.074820301],[-89.420444,43.074819001],[-89.4204441,43.074809201],[-89.4198765,43.074806201],[-89.4198764,43.074817301],[-89.4196339,43.074816001],[-89.4196317,43.075039401],[-89.41928,43.075037501],[-89.4192776,43.075283701],[-89.4192771,43.075329901],[-89.4194529,43.075330801],[-89.4194863,43.075331001],[-89.4194851,43.075451801],[-89.4197542,43.075453301],[-89.4197554,43.075332401],[-89.4201441,43.075334501],[-89.4202116,43.075334901],[-89.420211,43.075397201],[-89.420375,43.075398301],[-89.4204541,43.075398201],[-89.4207476,43.075400001],[-89.421118,43.075402001],[-89.4211521,43.075402201],[-89.4211527,43.075340801],[-89.4212641,43.075341401],[-89.421267,43.075048301]]]},"properties":{"mapObjectId":"484","name":"Veterinary Medicine South","buildingNumber":"0093","streetAddress":"2015 Linden Dr.","description":null,"hours":null,"center":[-89.42024585961936,43.07513833653663],"footprintStatus":"full","officialMapUrl":"https://map.wisc.edu/?initObj=0093"}},{"type":"Feature","id":"369","geometry":{"type":"Polygon","coordinates":[[[-89.4178065,43.074831401],[-89.4176128,43.074831301],[-89.4176129,43.074650401],[-89.4174753,43.074650401],[-89.4174751,43.074828201],[-89.4172717,43.074828101],[-89.4172718,43.074732301],[-89.4169877,43.074732201],[-89.4169876,43.074825401],[-89.4167838,43.074825301],[-89.416784,43.074645401],[-89.4166426,43.074645401],[-89.4166424,43.074828401],[-89.4164478,43.074828301],[-89.4164476,43.074938201],[-89.416982,43.074938601],[-89.416982,43.074971101],[-89.4169563,43.074971101],[-89.4169562,43.075003101],[-89.4169476,43.075003101],[-89.4169476,43.075049501],[-89.4170504,43.075049601],[-89.4170504,43.075035201],[-89.4170857,43.075035201],[-89.4170857,43.075004801],[-89.417267,43.075004901],[-89.4172671,43.074943501],[-89.4178064,43.074943801],[-89.4178065,43.074831401]]]},"properties":{"mapObjectId":"369","name":"Dairy Cattle Center","buildingNumber":"0092","streetAddress":"1815 Linden Dr.","description":null,"hours":null,"center":[-89.41712487490445,43.07485441640031],"footprintStatus":"full","officialMapUrl":"https://map.wisc.edu/?initObj=0092"}},{"type":"Feature","id":"689","geometry":{"type":"Polygon","coordinates":[[[-89.428714,43.077265401],[-89.4276937,43.077263601],[-89.4276938,43.077245701],[-89.4275702,43.077245501],[-89.4275696,43.077442101],[-89.4275583,43.077442101],[-89.4275581,43.077498901],[-89.4275828,43.077498901],[-89.4275824,43.077641501],[-89.427552,43.077641401],[-89.4275509,43.077959601],[-89.4277105,43.077959901],[-89.4277103,43.078007801],[-89.4277653,43.078007901],[-89.4277655,43.077960001],[-89.4278793,43.077960201],[-89.4278805,43.077601901],[-89.4282434,43.077602501],[-89.4282433,43.077648601],[-89.4282432,43.077675801],[-89.4285975,43.077676501],[-89.4285977,43.077607301],[-89.4287129,43.077607501],[-89.428714,43.077265401]]]},"properties":{"mapObjectId":"689","name":"Signe Skott Cooper Hall","buildingNumber":"0044","streetAddress":"701 Highland Ave","description":null,"hours":null,"center":[-89.42805964352885,43.07752145214933],"footprintStatus":"full","officialMapUrl":"https://map.wisc.edu/?initObj=0044"}},{"type":"Feature","id":"435","geometry":{"type":"Polygon","coordinates":[[[-89.3994513,43.074370201],[-89.3991511,43.074366001],[-89.3991483,43.074465401],[-89.399216,43.074466201],[-89.3992148,43.074491401],[-89.3991741,43.074491101],[-89.3991715,43.074604601],[-89.3991706,43.074615701],[-89.3991704,43.074625701],[-89.3991705,43.074645601],[-89.3991509,43.074645401],[-89.3991508,43.074664401],[-89.3991494,43.074716901],[-89.3991493,43.074721901],[-89.3991687,43.074722101],[-89.3991676,43.074765701],[-89.399183,43.074765901],[-89.3991822,43.074799401],[-89.3992813,43.074800701],[-89.3992965,43.074801001],[-89.3993155,43.074800201],[-89.399418,43.074801701],[-89.3994187,43.074767501],[-89.3994267,43.074767601],[-89.3994327,43.074471501],[-89.3994492,43.074471701],[-89.3994513,43.074370201]]]},"properties":{"mapObjectId":"435","name":"University Club","buildingNumber":"0515B","streetAddress":"803 State St.","description":null,"hours":null,"center":[-89.39929942924297,43.074579237256465],"footprintStatus":"full","officialMapUrl":"https://map.wisc.edu/?initObj=0515B"}},{"type":"Feature","id":"378","geometry":{"type":"Polygon","coordinates":[[[-89.4112792,43.071413201],[-89.4093778,43.071393301],[-89.4093746,43.071554201],[-89.4096923,43.071557501],[-89.4096897,43.071688801],[-89.409304,43.071684801],[-89.4093011,43.071827901],[-89.4096882,43.071831901],[-89.4096855,43.071968801],[-89.4093723,43.071965501],[-89.4093696,43.072101101],[-89.4098121,43.072105701],[-89.4098115,43.072135401],[-89.4098805,43.072136101],[-89.4098799,43.072170701],[-89.410756,43.072179901],[-89.4107567,43.072145301],[-89.4108305,43.072146101],[-89.4108311,43.072116401],[-89.4112652,43.072121001],[-89.4112684,43.071957401],[-89.4110002,43.071954601],[-89.4110024,43.071842701],[-89.4112727,43.071845601],[-89.4112755,43.071704901],[-89.4110083,43.071702101],[-89.411011,43.071566601],[-89.4112761,43.071569401],[-89.4112792,43.071413201]]]},"properties":{"mapObjectId":"378","name":"Engineering Hall","buildingNumber":"0408","streetAddress":"1415 Engineering Dr.","description":null,"hours":null,"center":[-89.41032548902132,43.0717750222946],"footprintStatus":"full","officialMapUrl":"https://map.wisc.edu/?initObj=0408"}},{"type":"Feature","id":"551","geometry":{"type":"Polygon","coordinates":[[[-89.4125126,43.075568001],[-89.4120181,43.075567101],[-89.4120157,43.075613001],[-89.4119931,43.075614101],[-89.4119441,43.075456101],[-89.4120296,43.075453301],[-89.4120301,43.075362101],[-89.4119224,43.075361501],[-89.4119217,43.075314001],[-89.411724,43.075312901],[-89.4115105,43.075311601],[-89.4115112,43.075355901],[-89.4114322,43.075356501],[-89.4114334,43.075427801],[-89.4114338,43.075452001],[-89.4114868,43.075452601],[-89.411487,43.075522201],[-89.4112885,43.075551401],[-89.4112851,43.075563901],[-89.4112297,43.075564501],[-89.4112349,43.075718901],[-89.4113103,43.075719401],[-89.4113101,43.075735501],[-89.4119125,43.075739301],[-89.4119107,43.075680301],[-89.4119679,43.075679001],[-89.4120535,43.075990101],[-89.4120905,43.075989601],[-89.4121116,43.076068501],[-89.4118897,43.076067201],[-89.411883,43.076256101],[-89.4121498,43.076257501],[-89.4122565,43.076258001],[-89.412257,43.076238701],[-89.4123391,43.076238201],[-89.4123406,43.076138201],[-89.4124057,43.076137201],[-89.4124846,43.076135901],[-89.412483,43.076074201],[-89.4125113,43.076074101],[-89.4125116,43.075753501],[-89.4125126,43.075568001]]]},"properties":{"mapObjectId":"551","name":"Microbial Sciences","buildingNumber":"0060","streetAddress":"1550 Linden Dr.","description":null,"hours":null,"center":[-89.41198389684384,43.075747824829655],"footprintStatus":"full","officialMapUrl":"https://map.wisc.edu/?initObj=0060"}},{"type":"Feature","id":"729","geometry":{"type":"Polygon","coordinates":[[[-89.4071938,43.072354301],[-89.4066581,43.072352501],[-89.4066583,43.072720101],[-89.4063862,43.072867501],[-89.4060836,43.073011601],[-89.4062228,43.073155501],[-89.4063581,43.073153301],[-89.406413,43.073191901],[-89.4071883,43.073192601],[-89.4071938,43.072354301]]]},"properties":{"mapObjectId":"729","name":"Morgridge Hall","buildingNumber":"0215","streetAddress":"1205 University Avenue","description":"The home of the College of Computing & Artificial Intelligence .","hours":null,"center":[-89.4067958598904,43.07283433199304],"footprintStatus":"full","officialMapUrl":"https://map.wisc.edu/?initObj=0215"}},{"type":"Feature","id":"464","geometry":{"type":"Polygon","coordinates":[[[-89.4126152,43.075027801],[-89.4126147,43.074584501],[-89.4123861,43.074584701],[-89.4123866,43.075027901],[-89.4126152,43.075027801]]]},"properties":{"mapObjectId":"464","name":"D.C. Smith Greenhouse","buildingNumber":"0206","streetAddress":"465 Babcock Dr.","description":"The D.C. Smith Greenhouse is a tropical conservatory with 11 growing rooms. Tours available by appointment.","hours":null,"center":[-89.41250065429777,43.07480622551721],"footprintStatus":"full","officialMapUrl":"https://map.wisc.edu/?initObj=0206"}},{"type":"Feature","id":"447","geometry":{"type":"Polygon","coordinates":[[[-89.4071866,43.068563001],[-89.4071107,43.068562501],[-89.4071115,43.068497901],[-89.4066742,43.068495001],[-89.4066727,43.068610301],[-89.4069525,43.068612101],[-89.4069517,43.068670901],[-89.4071853,43.068672401],[-89.4071866,43.068563001]]]},"properties":{"mapObjectId":"447","name":"Wisconsin Primate Center","buildingNumber":"0526","streetAddress":"1223 Capitol Ct.","description":null,"hours":null,"center":[-89.40694228360188,43.06857381189258],"footprintStatus":"full","officialMapUrl":"https://map.wisc.edu/?initObj=0526"}},{"type":"Feature","id":"652","geometry":{"type":"Polygon","coordinates":[[[-89.4143347,43.073696101],[-89.4143321,43.073579201],[-89.4142159,43.073579301],[-89.4142149,43.073557201],[-89.4140297,43.073555001],[-89.4139821,43.073554401],[-89.4139439,43.073554201],[-89.413822,43.073558401],[-89.4137666,43.073568801],[-89.4137097,43.073587101],[-89.4137194,43.073611101],[-89.4137904,43.073617001],[-89.4137894,43.073628401],[-89.4137878,43.073646101],[-89.4138317,43.073646501],[-89.4138195,43.073673601],[-89.4137896,43.073708501],[-89.4137593,43.073706401],[-89.4137278,43.073766201],[-89.4135606,43.073760801],[-89.4135461,43.073800701],[-89.4137516,43.073845401],[-89.4138494,43.073860101],[-89.4138485,43.073892401],[-89.41396,43.073925501],[-89.4140295,43.073943201],[-89.4141024,43.073955701],[-89.4141604,43.073962301],[-89.414225,43.073965601],[-89.4142839,43.073963901],[-89.4142877,43.073878501],[-89.4142994,43.073878301],[-89.4142993,43.073793001],[-89.4143138,43.073793001],[-89.414325,43.073786601],[-89.4143347,43.073696101]]]},"properties":{"mapObjectId":"652","name":"Wisconsin Energy Institute","buildingNumber":"0752","streetAddress":"1552 University Ave","description":null,"hours":null,"center":[-89.41403025588802,43.073746675296206],"footprintStatus":"full","officialMapUrl":"https://map.wisc.edu/?initObj=0752"}},{"type":"Feature","id":"490","geometry":{"type":"Polygon","coordinates":[[[-89.4018834,43.076526201],[-89.4018656,43.076525901],[-89.4018692,43.076414201],[-89.4018145,43.076413801],[-89.4018143,43.076383401],[-89.4014774,43.076377401],[-89.4014665,43.076377401],[-89.4014659,43.076408801],[-89.4014074,43.076407501],[-89.4014073,43.076483301],[-89.4014079,43.076651001],[-89.401282,43.076646901],[-89.4011305,43.076648801],[-89.4011308,43.076570101],[-89.400863,43.076362201],[-89.4008541,43.076355301],[-89.4008532,43.076443301],[-89.4009053,43.076444401],[-89.4009041,43.076481301],[-89.4008299,43.076480601],[-89.4007717,43.076479201],[-89.4007686,43.076584901],[-89.4007679,43.076627701],[-89.4007631,43.076719401],[-89.4007617,43.076750201],[-89.400762,43.076774801],[-89.4007618,43.076794001],[-89.4007612,43.076898301],[-89.4008204,43.076899701],[-89.4008912,43.076900201],[-89.4008908,43.076938801],[-89.4017988,43.076951301],[-89.4018001,43.076918901],[-89.4018529,43.076919101],[-89.4018567,43.076802901],[-89.4018734,43.076803201],[-89.4018744,43.076771601],[-89.4018577,43.076771401],[-89.4018646,43.076555701],[-89.4018824,43.076556101],[-89.4018834,43.076526201]]]},"properties":{"mapObjectId":"490","name":"Helen C. White Hall","buildingNumber":"0018","streetAddress":"600 N. Park St.","description":null,"hours":null,"center":[-89.40134662074041,43.076696908922145],"footprintStatus":"full","officialMapUrl":"https://map.wisc.edu/?initObj=0018"}},{"type":"Feature","id":"660","geometry":{"type":"Polygon","coordinates":[[[-89.4114202,43.074099401],[-89.4108044,43.074097801],[-89.4107861,43.074097801],[-89.4107859,43.074137801],[-89.4105604,43.074137201],[-89.4105597,43.074282601],[-89.410559,43.074429501],[-89.4107633,43.074430001],[-89.4109233,43.074430401],[-89.4109226,43.074568601],[-89.411418,43.074569901],[-89.4114187,43.074413001],[-89.4114202,43.074099401]]]},"properties":{"mapObjectId":"660","name":"DeLuca Biochemical Sciences Building","buildingNumber":"0204","streetAddress":"440 Henry Mall","description":null,"hours":null,"center":[-89.4110337868432,43.07431504243989],"footprintStatus":"full","officialMapUrl":"https://map.wisc.edu/?initObj=0204"}},{"type":"Feature","id":"389","geometry":{"type":"Polygon","coordinates":[[[-89.4065985,43.070675301],[-89.4064632,43.070574201],[-89.4065549,43.070512501],[-89.4065553,43.070410501],[-89.4064228,43.070305701],[-89.4062682,43.070305501],[-89.4062529,43.070293701],[-89.4062521,43.070213301],[-89.4058944,43.070209401],[-89.4058791,43.070862301],[-89.4065944,43.070873101],[-89.4065985,43.070675301]],[[-89.4063895,43.070671501],[-89.4063892,43.070761201],[-89.4060289,43.070758401],[-89.4060286,43.070690501],[-89.4060209,43.070690301],[-89.4060231,43.070539701],[-89.4062163,43.070538801],[-89.4063348,43.070632501],[-89.4063895,43.070671501]]]},"properties":{"mapObjectId":"389","name":"Weeks Hall for Geological Sciences","buildingNumber":"0521","streetAddress":"1215 W. Dayton St.","description":null,"hours":null,"center":[-89.4062114935635,43.070549370157636],"footprintStatus":"full","officialMapUrl":"https://map.wisc.edu/?initObj=0521"}},{"type":"Feature","id":"650","geometry":{"type":"Polygon","coordinates":[[[-89.3991783,43.073667001],[-89.399043,43.073665001],[-89.3989158,43.073663101],[-89.3984049,43.073655501],[-89.3984035,43.073705901],[-89.3984016,43.073775001],[-89.3983696,43.073774501],[-89.3983627,43.074018501],[-89.3983958,43.074019001],[-89.398393,43.074122301],[-89.3984375,43.074123001],[-89.3984368,43.074146201],[-89.3987749,43.074151301],[-89.3987755,43.074130301],[-89.3989043,43.074132201],[-89.3989059,43.074088001],[-89.398908,43.073999201],[-89.3989085,43.073983601],[-89.398914,43.073789201],[-89.3989551,43.073789801],[-89.3989547,43.073801701],[-89.3990385,43.073802901],[-89.3990976,43.073803801],[-89.3991268,43.073804201],[-89.3991272,43.073793001],[-89.3991487,43.073793301],[-89.3991619,43.073793501],[-89.3991747,43.073793701],[-89.3991783,43.073667001]]]},"properties":{"mapObjectId":"650","name":"Chazen Museum of Art","buildingNumber":"0524","streetAddress":"750 University Ave","description":"The Chazen Museum of Art exhibits treasures from antiquities to the Renaissance to the modern. The exhibits rotate frequently and admission is free. Drop-in and arranged tours are available.","hours":null,"center":[-89.39869345930676,43.073880287326794],"footprintStatus":"full","officialMapUrl":"https://map.wisc.edu/?initObj=0524"}},{"type":"Feature","id":"549","geometry":{"type":"Polygon","coordinates":[[[-89.4106019,43.069025001],[-89.4105756,43.069001901],[-89.4103144,43.068772101],[-89.4101544,43.068869101],[-89.4100606,43.068786601],[-89.4099837,43.068833301],[-89.4099898,43.068838701],[-89.4100912,43.068927801],[-89.410062,43.068945501],[-89.4103227,43.069174701],[-89.410336,43.069186401],[-89.4106019,43.069025001]]]},"properties":{"mapObjectId":"549","name":"1433 Monroe St.","buildingNumber":"1095","streetAddress":"1433 Monroe St.","description":null,"hours":null,"center":[-89.41030417161893,43.06896837992531],"footprintStatus":"full","officialMapUrl":"https://map.wisc.edu/?initObj=1095"}},{"type":"Feature","id":"408","geometry":{"type":"Polygon","coordinates":[[[-89.4157668,43.077863101],[-89.4156338,43.077863101],[-89.4156338,43.078167901],[-89.4157668,43.078167901],[-89.4157668,43.077863101]]]},"properties":{"mapObjectId":"408","name":"Jones House (Kronshage)","buildingNumber":"0572","streetAddress":"655 Elm Dr.","description":null,"hours":null,"center":[-89.41570030000001,43.078015500538314],"footprintStatus":"full","officialMapUrl":"https://map.wisc.edu/?initObj=0572"}},{"type":"Feature","id":"398","geometry":{"type":"Polygon","coordinates":[[[-89.4055834,43.070289401],[-89.4055715,43.069832001],[-89.4055051,43.069833201],[-89.4055025,43.069697701],[-89.4053554,43.069697301],[-89.4052413,43.069697001],[-89.4048563,43.069792301],[-89.4043679,43.069913001],[-89.4044406,43.070071501],[-89.4045835,43.070070801],[-89.4047493,43.070190401],[-89.4047526,43.070616501],[-89.4043689,43.070620201],[-89.4043678,43.070649801],[-89.4043675,43.070657401],[-89.4043231,43.070657101],[-89.4043221,43.070733301],[-89.4043665,43.070733601],[-89.4043645,43.070892501],[-89.4050016,43.070890101],[-89.4050018,43.070882101],[-89.4050165,43.070882001],[-89.4050164,43.070860701],[-89.4053135,43.070860201],[-89.4053138,43.070736001],[-89.4054046,43.070736401],[-89.4054027,43.070357701],[-89.4054151,43.070357701],[-89.405416,43.070291101],[-89.4055834,43.070289401]]]},"properties":{"mapObjectId":"398","name":"Charter Street Heating and Cooling Plant","buildingNumber":"0529","streetAddress":"117 N. Charter St.","description":null,"hours":null,"center":[-89.40501983366424,43.07029629018369],"footprintStatus":"full","officialMapUrl":"https://map.wisc.edu/?initObj=0529"}},{"type":"Feature","id":"345","geometry":{"type":"Polygon","coordinates":[[[-89.414427,43.074587801],[-89.4139,43.074586601],[-89.4138988,43.074502001],[-89.413612,43.074498901],[-89.4136113,43.074553001],[-89.4135813,43.074627401],[-89.4136597,43.074643301],[-89.4136593,43.074697801],[-89.4129224,43.074690101],[-89.4129186,43.074885501],[-89.4129634,43.074885901],[-89.412962,43.074961501],[-89.4131108,43.074963001],[-89.4131095,43.075025001],[-89.4136645,43.075030801],[-89.4136652,43.074994901],[-89.4136829,43.074995101],[-89.4136835,43.074963301],[-89.4137632,43.074964101],[-89.4137627,43.074987401],[-89.4144253,43.074997501],[-89.414427,43.074587801]]]},"properties":{"mapObjectId":"345","name":"Babcock Hall","buildingNumber":"0106","streetAddress":"1605 Linden Dr.","description":null,"hours":null,"center":[-89.41373073371999,43.07480278681978],"footprintStatus":"full","officialMapUrl":"https://map.wisc.edu/?initObj=0106"}},{"type":"Feature","id":"701","geometry":{"type":"Polygon","coordinates":[[[-89.398353,43.073470601],[-89.3983518,43.073428201],[-89.3981871,43.073425101],[-89.3981874,43.073398001],[-89.3977875,43.073389301],[-89.3977826,43.073389201],[-89.3977824,43.073406901],[-89.3976249,43.073406401],[-89.3976088,43.073406301],[-89.3976138,43.073510001],[-89.397622,43.073636501],[-89.3976225,43.073654401],[-89.3976649,43.073654701],[-89.3976614,43.073768501],[-89.3976586,43.073924001],[-89.3976583,43.073940301],[-89.3982949,43.073950001],[-89.3982968,43.073901501],[-89.3982998,43.073823001],[-89.3983069,43.073636201],[-89.3983157,43.073635901],[-89.3983484,43.073637101],[-89.398353,43.073470601]]]},"properties":{"mapObjectId":"701","name":"Hamel Music Center","buildingNumber":"0585","streetAddress":"740 University Ave","description":"See the School of Music performance calendar .","hours":null,"center":[-89.39797933784381,43.073664625559154],"footprintStatus":"full","officialMapUrl":"https://map.wisc.edu/?initObj=0585"}},{"type":"Feature","id":"644","geometry":{"type":"Polygon","coordinates":[[[-89.4336743,43.077220901],[-89.4336739,43.076805401],[-89.4336736,43.076517601],[-89.4335724,43.076517601],[-89.4335708,43.076481601],[-89.4335579,43.076446901],[-89.4335344,43.076415201],[-89.4335016,43.076388401],[-89.4334954,43.076385301],[-89.4334612,43.076367801],[-89.4334154,43.076354601],[-89.4333666,43.076349401],[-89.4333158,43.076352801],[-89.4332878,43.076359801],[-89.4332675,43.076365001],[-89.4332246,43.076385201],[-89.4331896,43.076412301],[-89.433167,43.076441301],[-89.4331644,43.076444701],[-89.4331571,43.076463501],[-89.4331504,43.076480601],[-89.4331487,43.076517801],[-89.4331487,43.076537001],[-89.4330638,43.076537001],[-89.4330641,43.076760401],[-89.4330641,43.076795201],[-89.4330645,43.077221201],[-89.4336743,43.077220901]]]},"properties":{"mapObjectId":"644","name":"American Family Children's Hospital","buildingNumber":"1426","streetAddress":"1675 Highland Ave.","description":null,"hours":null,"center":[-89.43336893889301,43.07682076260816],"footprintStatus":"full","officialMapUrl":"https://map.wisc.edu/?initObj=1426"}},{"type":"Feature","id":"395","geometry":{"type":"Polygon","coordinates":[[[-89.4247412,43.076119901],[-89.4245922,43.076118801],[-89.4240796,43.076115601],[-89.4239945,43.076116701],[-89.4239961,43.075681401],[-89.4234197,43.075677301],[-89.4234106,43.076092701],[-89.4239537,43.076096001],[-89.4239544,43.076116101],[-89.42376,43.076116101],[-89.4237622,43.076346301],[-89.4238507,43.076347101],[-89.4238652,43.076347301],[-89.4238791,43.076347401],[-89.4241033,43.076349401],[-89.4241179,43.076349501],[-89.4241317,43.076349601],[-89.4243559,43.076352201],[-89.4243669,43.076352301],[-89.4243816,43.076352501],[-89.4246066,43.076354801],[-89.4246201,43.076354901],[-89.4246333,43.076355001],[-89.4247404,43.076356101],[-89.4247411,43.076161801],[-89.4247412,43.076119901]]]},"properties":{"mapObjectId":"395","name":"Walnut Street Greenhouse","buildingNumber":"0122","streetAddress":"525 Walnut St.","description":null,"hours":null,"center":[-89.42397230069986,43.07605649450285],"footprintStatus":"full","officialMapUrl":"https://map.wisc.edu/?initObj=0122"}},{"type":"Feature","id":"428","geometry":{"type":"Polygon","coordinates":[[[-89.4072812,43.074114101],[-89.407172,43.074112901],[-89.4072203,43.074147901],[-89.4072176,43.074274301],[-89.4069431,43.074273301],[-89.4069434,43.074302001],[-89.4069157,43.074302001],[-89.4069156,43.074404301],[-89.4066558,43.074405401],[-89.4066558,43.074348901],[-89.4066754,43.074348901],[-89.4066754,43.074264301],[-89.4064682,43.074265801],[-89.4064667,43.074346701],[-89.406479,43.074346801],[-89.4064751,43.074580701],[-89.4066541,43.074581801],[-89.4066549,43.074538101],[-89.4069944,43.074541301],[-89.4069944,43.074695901],[-89.4071798,43.074695901],[-89.4071799,43.074554201],[-89.4071906,43.074554201],[-89.4071919,43.074487501],[-89.407192,43.074480101],[-89.4072776,43.074480101],[-89.4072806,43.074357001],[-89.4072812,43.074114101]]]},"properties":{"mapObjectId":"428","name":"Service Memorial Institute","buildingNumber":"0451A","streetAddress":"470 N. Charter St.","description":null,"hours":null,"center":[-89.40691337438955,43.074434936680696],"footprintStatus":"full","officialMapUrl":"https://map.wisc.edu/?initObj=0451A"}},{"type":"Feature","id":"471","geometry":{"type":"Polygon","coordinates":[[[-89.4136562,43.075905901],[-89.4136333,43.075905901],[-89.4135438,43.075905801],[-89.4135135,43.075905701],[-89.413492,43.075905601],[-89.4133806,43.075905201],[-89.4133603,43.075905101],[-89.4133404,43.075905001],[-89.413267,43.075904701],[-89.4131824,43.075904301],[-89.4131539,43.075904101],[-89.4130909,43.075903801],[-89.4130903,43.075957901],[-89.4130904,43.075980501],[-89.4130899,43.076050101],[-89.4130712,43.076050001],[-89.413071,43.076092801],[-89.4130896,43.076092801],[-89.4130892,43.076148901],[-89.413089,43.076178801],[-89.4130744,43.076178701],[-89.4130062,43.076178201],[-89.4130055,43.076205801],[-89.4130888,43.076206801],[-89.4130888,43.076213101],[-89.4130886,43.076245301],[-89.4130884,43.076274501],[-89.4130881,43.076313001],[-89.4131356,43.076313201],[-89.4131723,43.076313301],[-89.4132049,43.076313401],[-89.4132372,43.076313601],[-89.4132737,43.076313701],[-89.4133115,43.076313801],[-89.4134636,43.076314401],[-89.4135384,43.076314701],[-89.4136255,43.076315001],[-89.4136533,43.076315101],[-89.4136537,43.076257801],[-89.4136542,43.076179101],[-89.4136543,43.076170401],[-89.4136549,43.076114401],[-89.4136562,43.075905901]]]},"properties":{"mapObjectId":"471","name":"Steenbock Library","buildingNumber":"0079","streetAddress":"550 Babcock Dr.","description":null,"hours":null,"center":[-89.41336793404993,43.07611022967858],"footprintStatus":"full","officialMapUrl":"https://map.wisc.edu/?initObj=0079"}},{"type":"Feature","id":"540","geometry":{"type":"Polygon","coordinates":[[[-89.424791,43.074853301],[-89.4247144,43.074852501],[-89.4247172,43.074709901],[-89.4247179,43.074671301],[-89.4246486,43.074670201],[-89.4243228,43.074668701],[-89.4242422,43.074666301],[-89.424242,43.074674901],[-89.4241525,43.074674001],[-89.4241518,43.074709801],[-89.4234195,43.074705601],[-89.4234011,43.074704301],[-89.4234001,43.074752101],[-89.4232603,43.074750601],[-89.4232582,43.074857801],[-89.4234034,43.074859301],[-89.4234027,43.074895501],[-89.4232672,43.074894101],[-89.4232652,43.074996801],[-89.4234007,43.074998201],[-89.4233991,43.075077501],[-89.4232667,43.075076201],[-89.4232646,43.075185701],[-89.423352,43.075186601],[-89.4233504,43.075264601],[-89.4233266,43.075264401],[-89.423323,43.075449301],[-89.4235331,43.075451501],[-89.4235749,43.075451901],[-89.4235752,43.075439101],[-89.4243205,43.075446801],[-89.4247071,43.075445001],[-89.4247112,43.075013901],[-89.4247115,43.075000201],[-89.4247881,43.075001001],[-89.424791,43.074853301]]]},"properties":{"mapObjectId":"540","name":"West Campus Cogeneration Facility","buildingNumber":"0120","streetAddress":"515 Walnut St.","description":null,"hours":null,"center":[-89.42402936726627,43.07506599878243],"footprintStatus":"full","officialMapUrl":"https://map.wisc.edu/?initObj=0120"}},{"type":"Feature","id":"368","geometry":{"type":"Polygon","coordinates":[[[-89.4189159,43.074662101],[-89.4189147,43.074488301],[-89.4187516,43.074488901],[-89.4187522,43.074578901],[-89.4187077,43.074579101],[-89.418707,43.074484501],[-89.4182728,43.074486101],[-89.418274,43.074651801],[-89.4180953,43.074652501],[-89.4180942,43.074483801],[-89.4179398,43.074484401],[-89.4179412,43.074684501],[-89.4180958,43.074683901],[-89.4180962,43.074741401],[-89.4182607,43.074740701],[-89.4182605,43.074712601],[-89.4183249,43.074712401],[-89.4183225,43.074775401],[-89.4182822,43.074800801],[-89.4182822,43.074839101],[-89.4183087,43.074858901],[-89.418358,43.074858701],[-89.4183901,43.074828301],[-89.4186721,43.074829801],[-89.4186711,43.074690801],[-89.4187082,43.074690601],[-89.4187079,43.074643501],[-89.4187525,43.074643401],[-89.4187526,43.074662701],[-89.4189159,43.074662101]]]},"properties":{"mapObjectId":"368","name":"Dairy Barn","buildingNumber":"0105","streetAddress":"1915 Linden Dr.","description":null,"hours":null,"center":[-89.41844749308625,43.074636421065236],"footprintStatus":"full","officialMapUrl":"https://map.wisc.edu/?initObj=0105"}},{"type":"Feature","id":"470","geometry":{"type":"Polygon","coordinates":[[[-89.4138314,43.070374501],[-89.4138207,43.070371001],[-89.4137896,43.070360701],[-89.4138168,43.070277301],[-89.4137774,43.070268901],[-89.4137965,43.070198201],[-89.4138114,43.070109601],[-89.4138164,43.070030001],[-89.4138184,43.069940401],[-89.4138163,43.069850301],[-89.4138105,43.069768501],[-89.4137947,43.069684501],[-89.4137762,43.069609401],[-89.4138093,43.069604101],[-89.4137972,43.069560901],[-89.4137807,43.069521801],[-89.4138184,43.069514401],[-89.4138182,43.069495701],[-89.413802,43.069453501],[-89.413772,43.069384301],[-89.4137385,43.069318001],[-89.4137736,43.069307201],[-89.4136287,43.069080601],[-89.4135807,43.069096801],[-89.4135568,43.069063601],[-89.4133095,43.069153801],[-89.4132805,43.069123601],[-89.4133258,43.069086301],[-89.4133771,43.069045601],[-89.41334,43.069023401],[-89.4133276,43.069016001],[-89.413285,43.068993201],[-89.4132643,43.068984501],[-89.4132332,43.068971501],[-89.4131719,43.068951401],[-89.4131075,43.068936901],[-89.4130823,43.068974101],[-89.4130648,43.068964501],[-89.4123238,43.068954301],[-89.4123311,43.068985801],[-89.4122798,43.068995201],[-89.4122354,43.069005901],[-89.4121889,43.069019201],[-89.4121433,43.069037501],[-89.4120985,43.069058901],[-89.4120637,43.069078101],[-89.4120299,43.069104001],[-89.4119929,43.069134401],[-89.4119545,43.069174801],[-89.4119383,43.069200701],[-89.4117842,43.069143901],[-89.4117509,43.069132501],[-89.4117474,43.069137901],[-89.4116647,43.069115901],[-89.4116121,43.069197301],[-89.4116822,43.069219701],[-89.411666,43.069257101],[-89.4116394,43.069316001],[-89.4116147,43.069368601],[-89.4115925,43.069417101],[-89.4115767,43.069451201],[-89.411548,43.069542701],[-89.4114645,43.069530901],[-89.411441,43.069618401],[-89.4115011,43.069629301],[-89.4114888,43.069713901],[-89.4114828,43.069804701],[-89.4114805,43.069920201],[-89.4114809,43.069937101],[-89.4113948,43.069935501],[-89.4113945,43.069984501],[-89.4114811,43.069981001],[-89.4114837,43.070021001],[-89.4114865,43.070076201],[-89.4115072,43.070202901],[-89.4115338,43.070298701],[-89.411551,43.070360601],[-89.4115804,43.070433201],[-89.4114948,43.070457601],[-89.4115399,43.070547501],[-89.4116246,43.070526901],[-89.4116495,43.070579901],[-89.4116672,43.070615401],[-89.4117084,43.070679601],[-89.4117574,43.070752201],[-89.4118251,43.070829801],[-89.4119018,43.070893201],[-89.411937,43.070919601],[-89.4119973,43.070964701],[-89.4120764,43.071012601],[-89.4121745,43.071067801],[-89.4122242,43.071090401],[-89.4123248,43.071127401],[-89.4124306,43.071150801],[-89.4125341,43.071165901],[-89.4126155,43.071171001],[-89.4127156,43.071172301],[-89.4128075,43.071167501],[-89.4129068,43.071154701],[-89.4129967,43.071138701],[-89.4130991,43.071112301],[-89.4131848,43.071082601],[-89.4132686,43.071047901],[-89.4132645,43.071042601],[-89.4133162,43.071013701],[-89.4133325,43.071005701],[-89.4132474,43.070918401],[-89.4133092,43.070879501],[-89.4133691,43.070839101],[-89.4134747,43.070908001],[-89.4134915,43.070898101],[-89.4135104,43.070914201],[-89.413591,43.070846101],[-89.4136506,43.070772001],[-89.4137173,43.070680401],[-89.4137541,43.070614101],[-89.4137259,43.070598801],[-89.4137577,43.070540301],[-89.4137836,43.070476301],[-89.4138102,43.070419401],[-89.4138179,43.070403101],[-89.4138314,43.070374501]],[[-89.4131466,43.069938601],[-89.4131384,43.070039401],[-89.4131288,43.070183601],[-89.4130709,43.070376101],[-89.4130379,43.070474701],[-89.4129731,43.070519001],[-89.4128765,43.070587901],[-89.412785,43.070619501],[-89.4127116,43.070630501],[-89.4126527,43.070626601],[-89.4125776,43.070617001],[-89.4125198,43.070595301],[-89.4124752,43.070574301],[-89.4124278,43.070541601],[-89.4123908,43.070506201],[-89.4123842,43.070509801],[-89.4123411,43.070481601],[-89.4123111,43.070406001],[-89.4122824,43.070329801],[-89.4122554,43.070236701],[-89.4122423,43.070169101],[-89.4122333,43.070105701],[-89.4122272,43.069961901],[-89.41223,43.069818001],[-89.4122438,43.069717801],[-89.4122695,43.069625101],[-89.4122915,43.069551901],[-89.4123157,43.069498001],[-89.4122985,43.069497101],[-89.4122982,43.069442101],[-89.4123171,43.069441201],[-89.4123155,43.069391701],[-89.4123675,43.069375101],[-89.4129691,43.069375401],[-89.4130601,43.069395901],[-89.4130559,43.069504601],[-89.4130845,43.069582401],[-89.4131186,43.069677801],[-89.4131439,43.069817301],[-89.4131466,43.069938601]]]},"properties":{"mapObjectId":"470","name":"Camp Randall Stadium","buildingNumber":"0022","streetAddress":"1440 Monroe St.","description":"Camp Randall Stadium comes alive on football Saturdays when 80,321 fans fill the seats and cheer on the Badgers.","hours":null,"center":[-89.41266993421341,43.07003608175076],"footprintStatus":"full","officialMapUrl":"https://map.wisc.edu/?initObj=0022"}},{"type":"Feature","id":"364","geometry":{"type":"Polygon","coordinates":[[[-89.4334984,43.076181901],[-89.4334234,43.076122601],[-89.4334111,43.076112801],[-89.4333812,43.076133001],[-89.4332553,43.076033301],[-89.4332834,43.076014401],[-89.4332337,43.075975101],[-89.4332056,43.075994001],[-89.433162,43.075959501],[-89.4330895,43.076008301],[-89.433125,43.076036401],[-89.4329385,43.076162101],[-89.4328685,43.076106801],[-89.4327918,43.076158501],[-89.4326546,43.076049901],[-89.4326817,43.076031601],[-89.4326392,43.075998001],[-89.4326122,43.076016301],[-89.4325606,43.076016301],[-89.4325411,43.076000901],[-89.4325474,43.075996601],[-89.4325155,43.075971801],[-89.4325161,43.075947401],[-89.4325502,43.075924001],[-89.4325041,43.075888101],[-89.4324834,43.075902301],[-89.4324719,43.075902201],[-89.4323446,43.075803401],[-89.4323705,43.075785601],[-89.4323822,43.075794701],[-89.4325023,43.075712201],[-89.4324906,43.075703101],[-89.4325167,43.075685201],[-89.4324476,43.075631601],[-89.4323503,43.075629601],[-89.432353,43.075558001],[-89.4323989,43.075558601],[-89.4325067,43.075559901],[-89.4325112,43.075563301],[-89.4325602,43.075528901],[-89.432527,43.075503601],[-89.4325276,43.075480701],[-89.4325616,43.075456801],[-89.432517,43.075422901],[-89.4324982,43.075436101],[-89.4324101,43.075435001],[-89.4323224,43.075433901],[-89.4323258,43.075289901],[-89.4323212,43.075287301],[-89.432322,43.075254801],[-89.4323128,43.075247401],[-89.4322905,43.075247201],[-89.4322749,43.075233201],[-89.4322099,43.075232401],[-89.4321936,43.075245101],[-89.4321745,43.075244901],[-89.4321738,43.075276101],[-89.4321534,43.075290001],[-89.4321523,43.075338401],[-89.4320234,43.075428701],[-89.4319896,43.075428301],[-89.4319724,43.075415701],[-89.4319731,43.075386001],[-89.4320017,43.075366201],[-89.4320025,43.075332401],[-89.4319783,43.075313201],[-89.4319325,43.075312601],[-89.4319014,43.075334501],[-89.4319009,43.075355301],[-89.4318899,43.075355201],[-89.4318888,43.075401501],[-89.4318998,43.075401601],[-89.4318993,43.075427101],[-89.4318957,43.075427101],[-89.4318723,43.075409901],[-89.4318495,43.075426501],[-89.4318231,43.075426201],[-89.4316986,43.075331101],[-89.4316996,43.075285301],[-89.4316821,43.075271501],[-89.4316829,43.075237901],[-89.4316625,43.075237601],[-89.4316442,43.075223001],[-89.431641,43.075222901],[-89.4315961,43.075222401],[-89.4315859,43.075222301],[-89.4315668,43.075236501],[-89.4315469,43.075236201],[-89.4315383,43.075242001],[-89.4315375,43.075274801],[-89.4315291,43.075280201],[-89.4315291,43.075282901],[-89.4314861,43.075282201],[-89.4314637,43.075297501],[-89.4314632,43.075312501],[-89.4314351,43.075330101],[-89.4314134,43.075311601],[-89.4314155,43.075245001],[-89.4311915,43.075241301],[-89.4311903,43.075279801],[-89.4311675,43.075295501],[-89.4311047,43.075294401],[-89.4310934,43.075656301],[-89.4311753,43.075657701],[-89.4311734,43.075717001],[-89.4310909,43.075715701],[-89.4310894,43.075763001],[-89.4311228,43.075763601],[-89.431121,43.075821501],[-89.4311863,43.075867801],[-89.43116,43.075887501],[-89.4312044,43.075919001],[-89.4312306,43.075899501],[-89.4312629,43.075900001],[-89.4312623,43.075900401],[-89.4312947,43.075925801],[-89.4312942,43.075947301],[-89.4312599,43.075970701],[-89.4312729,43.075980801],[-89.4312596,43.075989801],[-89.4312329,43.075968701],[-89.4312192,43.075977901],[-89.4311855,43.076000701],[-89.4312122,43.076021801],[-89.4311143,43.076087801],[-89.4310711,43.076116901],[-89.4310462,43.076097301],[-89.4309911,43.076134401],[-89.431016,43.076154101],[-89.430868,43.076253801],[-89.4307651,43.076323101],[-89.4307627,43.076413001],[-89.4307882,43.076429201],[-89.4307513,43.076451701],[-89.4307516,43.076472501],[-89.4307617,43.076480601],[-89.4308622,43.076560101],[-89.4309896,43.076661001],[-89.4309692,43.076674701],[-89.4310216,43.076716101],[-89.4310419,43.076702401],[-89.4310805,43.076733001],[-89.4311402,43.076780201],[-89.4312654,43.076879301],[-89.4312461,43.076892301],[-89.4312947,43.076930801],[-89.4313141,43.076917801],[-89.4314929,43.077059301],[-89.4314823,43.077066501],[-89.4314982,43.077079001],[-89.4314943,43.077081701],[-89.4314938,43.077105901],[-89.4314993,43.077110201],[-89.4314823,43.077121701],[-89.431508,43.077142001],[-89.4313147,43.077272301],[-89.4312906,43.077253301],[-89.4312681,43.077268401],[-89.4312668,43.077292001],[-89.4312871,43.077308101],[-89.4312871,43.077331001],[-89.4312647,43.077346101],[-89.4312637,43.077367601],[-89.4312869,43.077385901],[-89.4313058,43.077373101],[-89.4314193,43.077462901],[-89.4314837,43.077513801],[-89.431468,43.077524401],[-89.4314872,43.077539601],[-89.4315212,43.077540201],[-89.4315402,43.077527301],[-89.4315779,43.077528101],[-89.4315969,43.077543101],[-89.431631,43.077543701],[-89.4316504,43.077530601],[-89.4316301,43.077514601],[-89.4318691,43.077353501],[-89.4318822,43.077363901],[-89.4319005,43.077351501],[-89.4320907,43.077502101],[-89.4321008,43.077510001],[-89.4320823,43.077522501],[-89.4321033,43.077539101],[-89.4321396,43.077539101],[-89.4321615,43.077524301],[-89.432192,43.077524301],[-89.4322121,43.077540201],[-89.4322249,43.077540201],[-89.4322452,43.077540201],[-89.4322672,43.077525301],[-89.4322426,43.077505901],[-89.4322485,43.077501901],[-89.4324362,43.077375301],[-89.4324558,43.077390201],[-89.432472,43.077378801],[-89.432476,43.077381901],[-89.4325044,43.077382701],[-89.4325207,43.077371201],[-89.4325212,43.077359901],[-89.4325417,43.077345501],[-89.4325436,43.077303901],[-89.432543,43.077303401],[-89.432751,43.077163101],[-89.4327725,43.077180201],[-89.4328289,43.077142101],[-89.4328074,43.077125101],[-89.4328125,43.077098001],[-89.4328318,43.077085001],[-89.4327778,43.077042301],[-89.4327585,43.077055301],[-89.4326095,43.076937301],[-89.4326719,43.076895201],[-89.4326369,43.076867501],[-89.4326419,43.076864201],[-89.4326927,43.076829901],[-89.4326829,43.076822101],[-89.4326629,43.076806301],[-89.4328382,43.076688101],[-89.4328617,43.076706701],[-89.4329358,43.076656701],[-89.4329123,43.076638101],[-89.4329964,43.076581401],[-89.4330814,43.076524101],[-89.4330859,43.076527701],[-89.4331438,43.076488601],[-89.4331222,43.076471501],[-89.433167,43.076441301],[-89.4331896,43.076412301],[-89.4332246,43.076385201],[-89.4332675,43.076365001],[-89.4332878,43.076359801],[-89.4333656,43.076307401],[-89.4333779,43.076317101],[-89.4334976,43.076236501],[-89.4334984,43.076181901]]]},"properties":{"mapObjectId":"364","name":"University Hospital","buildingNumber":"1400","streetAddress":"600 Highland Ave.","description":null,"hours":null,"center":[-89.43196200970364,43.07637511189563],"footprintStatus":"full","officialMapUrl":"https://map.wisc.edu/?initObj=1400"}},{"type":"Feature","id":"648","geometry":{"type":"Polygon","coordinates":[[[-89.4087878,43.073198901],[-89.4087824,43.072840701],[-89.408651,43.072800701],[-89.4086413,43.072819501],[-89.4084654,43.072772201],[-89.4084865,43.072732301],[-89.4079929,43.072571801],[-89.4079694,43.072610001],[-89.4078064,43.072549601],[-89.4077043,43.072509201],[-89.4077174,43.072491201],[-89.4074961,43.072404201],[-89.4074991,43.073215701],[-89.4078263,43.073217301],[-89.4078265,43.073193401],[-89.4087878,43.073198901]]]},"properties":{"mapObjectId":"648","name":"Discovery Building","buildingNumber":"0212","streetAddress":"330 N. Orchard","description":"The Wisconsin Institutes for Discovery Building houses the private Morgridge Institute for Research and the public Wisconsin Institute for Discovery. The state-of-the-art facility also features a public Town Center, including two unique dining venues: a café and a restaurant with a full-service menu.","hours":null,"center":[-89.40805701855004,43.072904799859515],"footprintStatus":"full","officialMapUrl":"https://map.wisc.edu/?initObj=0212"}},{"type":"Feature","id":"469","geometry":{"type":"Polygon","coordinates":[[[-89.4116495,43.070579901],[-89.4116246,43.070526901],[-89.4115399,43.070547501],[-89.4114948,43.070457601],[-89.4115804,43.070433201],[-89.411551,43.070360601],[-89.4115338,43.070298701],[-89.4115072,43.070202901],[-89.4114865,43.070076201],[-89.4114837,43.070021001],[-89.4114811,43.069981001],[-89.4113945,43.069984501],[-89.4113948,43.069935501],[-89.4114809,43.069937101],[-89.4114805,43.069920201],[-89.4114828,43.069804701],[-89.4115011,43.069629301],[-89.411441,43.069618401],[-89.4114645,43.069530901],[-89.4114247,43.069322101],[-89.4114188,43.068957501],[-89.4112612,43.068958501],[-89.4111323,43.068965701],[-89.4104182,43.069394101],[-89.4104112,43.069398301],[-89.4103897,43.069461601],[-89.4104548,43.069476901],[-89.4104561,43.069626801],[-89.4104566,43.069685801],[-89.4104664,43.070587801],[-89.4105066,43.070586801],[-89.4116495,43.070579901]]]},"properties":{"mapObjectId":"469","name":"Kellner Family Athletic Center","buildingNumber":"2302","streetAddress":"1430 Monroe St.","description":"More information","hours":null,"center":[-89.41099373969375,43.06985375894025],"footprintStatus":"full","officialMapUrl":"https://map.wisc.edu/?initObj=2302"}},{"type":"Feature","id":"511","geometry":{"type":"MultiPolygon","coordinates":[[[[-89.4354122,43.088188101],[-89.4352855,43.088565201],[-89.4351554,43.088541801],[-89.4352821,43.088164801],[-89.4354122,43.088188101]]],[[[-89.4352393,43.088744901],[-89.4349977,43.089091001],[-89.4348839,43.089048601],[-89.4351255,43.088702501],[-89.4352393,43.088744901]]],[[[-89.4350501,43.089526801],[-89.434922,43.089560301],[-89.4347378,43.089184601],[-89.4348659,43.089151101],[-89.4350501,43.089526801]]],[[[-89.4346139,43.089355701],[-89.4345154,43.089373901],[-89.4344874,43.089451901],[-89.4343547,43.089427601],[-89.4343786,43.089365001],[-89.4343843,43.089349901],[-89.4343223,43.089307201],[-89.4342391,43.089246601],[-89.434137,43.089264801],[-89.4341016,43.089173501],[-89.434192,43.089153301],[-89.4342034,43.089150701],[-89.4342291,43.089092101],[-89.4342552,43.089008601],[-89.4342451,43.089001301],[-89.434179,43.088954001],[-89.4342695,43.088879501],[-89.4343493,43.088936701],[-89.4344379,43.088921101],[-89.4345453,43.088900701],[-89.4345725,43.088836301],[-89.4345972,43.088757301],[-89.4345286,43.088707801],[-89.4344546,43.088655101],[-89.4343436,43.088674101],[-89.4342606,43.088688701],[-89.4342306,43.088767301],[-89.4341049,43.088742501],[-89.434129,43.088666401],[-89.4340522,43.088611001],[-89.4341481,43.088536601],[-89.4342237,43.088592901],[-89.4343146,43.088577401],[-89.4344219,43.088556501],[-89.4344409,43.088500101],[-89.4344732,43.088417601],[-89.4344007,43.088363401],[-89.434325,43.088310901],[-89.4342209,43.088330001],[-89.434189,43.088233601],[-89.4342924,43.088210701],[-89.4343206,43.088132801],[-89.4344521,43.088159201],[-89.4344247,43.088236301],[-89.4344976,43.088293101],[-89.4345701,43.088340101],[-89.4346609,43.088325001],[-89.4347635,43.088303501],[-89.4347831,43.088240301],[-89.4348119,43.088162101],[-89.4347361,43.088104701],[-89.4348292,43.088034501],[-89.4349081,43.088090101],[-89.4350124,43.088071401],[-89.4350482,43.088166801],[-89.4349433,43.088186601],[-89.434918,43.088264101],[-89.4348923,43.088328501],[-89.4349719,43.088390801],[-89.434876,43.088454201],[-89.4347949,43.088401901],[-89.4346973,43.088419901],[-89.4346061,43.088440501],[-89.4345737,43.088524701],[-89.4345516,43.088583301],[-89.43462,43.088633901],[-89.4346919,43.088687901],[-89.4347983,43.088665001],[-89.4348366,43.088762501],[-89.4347314,43.088783701],[-89.434699,43.088867601],[-89.434682,43.088928301],[-89.4347534,43.088981901],[-89.4346638,43.089051101],[-89.4345813,43.088997801],[-89.4344787,43.089016001],[-89.434391,43.089035101],[-89.4343579,43.089112201],[-89.4343368,43.089177001],[-89.434427,43.089244801],[-89.4344815,43.089282101],[-89.4345713,43.089260001],[-89.4346139,43.089355701]]],[[[-89.4363376,43.089811901],[-89.4362424,43.089817801],[-89.4362361,43.089827801],[-89.4361576,43.089953101],[-89.4362177,43.090015801],[-89.4361103,43.090070401],[-89.4360478,43.090011401],[-89.4359485,43.090016601],[-89.4358476,43.090025701],[-89.4357991,43.090098901],[-89.4356852,43.090056101],[-89.4357412,43.089973301],[-89.4356712,43.089909501],[-89.4357722,43.089861401],[-89.4358326,43.089927501],[-89.435941,43.089920901],[-89.436031,43.089912201],[-89.4361127,43.089778101],[-89.4360538,43.089710601],[-89.4361657,43.089658501],[-89.4362262,43.089719601],[-89.4363263,43.089714201],[-89.4364231,43.089707601],[-89.4365106,43.089571601],[-89.4363941,43.089454501],[-89.4362839,43.089460101],[-89.4362699,43.089363401],[-89.4363794,43.089354501],[-89.4364263,43.089281001],[-89.4365491,43.089321701],[-89.4365026,43.089397001],[-89.4366228,43.089514301],[-89.436732,43.089505601],[-89.4367365,43.089548701],[-89.4367422,43.089604201],[-89.4366354,43.089610301],[-89.4365509,43.089746001],[-89.4366108,43.089814801],[-89.4365054,43.089867901],[-89.4364372,43.089803801],[-89.4363376,43.089811901]]],[[[-89.4355436,43.090225301],[-89.435464,43.090308501],[-89.4353922,43.090274001],[-89.4353738,43.090265201],[-89.4352932,43.090295801],[-89.4351953,43.090330501],[-89.4351941,43.090344501],[-89.4351882,43.090412401],[-89.4350512,43.090406101],[-89.4350549,43.090343901],[-89.4350559,43.090327001],[-89.4349775,43.090288301],[-89.4348872,43.090248201],[-89.4347865,43.090283801],[-89.4347128,43.090310701],[-89.4347115,43.090327101],[-89.4347066,43.090391301],[-89.4345684,43.090386601],[-89.4345771,43.090306601],[-89.4344924,43.090267501],[-89.4344072,43.090227601],[-89.4343108,43.090260901],[-89.434246,43.090174501],[-89.4343459,43.090139701],[-89.4343527,43.090066401],[-89.4343597,43.089992401],[-89.4342758,43.089953901],[-89.4341897,43.089913901],[-89.4340926,43.089947201],[-89.4340288,43.089858901],[-89.4341143,43.089826301],[-89.4341262,43.089821701],[-89.4341306,43.089749701],[-89.4341371,43.089674501],[-89.434124,43.089668101],[-89.4340465,43.089630101],[-89.43412,43.089545301],[-89.4342108,43.089590101],[-89.4343107,43.089558101],[-89.4343706,43.089645901],[-89.4342738,43.089676701],[-89.4342666,43.089763301],[-89.4342671,43.089813801],[-89.4343531,43.089874001],[-89.4344317,43.089910401],[-89.4345327,43.089873101],[-89.4345979,43.089959001],[-89.4344941,43.089998601],[-89.4344887,43.090071401],[-89.4344819,43.090144701],[-89.4345581,43.090183401],[-89.43465,43.090222401],[-89.4347343,43.090196601],[-89.4348286,43.090157701],[-89.4348357,43.090079901],[-89.4349648,43.090085701],[-89.4349622,43.090168801],[-89.4350406,43.090205301],[-89.4351325,43.090243701],[-89.4352207,43.090210601],[-89.4353132,43.090176101],[-89.4353156,43.090096701],[-89.4354548,43.090103301],[-89.4354482,43.090181701],[-89.4355436,43.090225301]]],[[[-89.435756,43.089577601],[-89.4356615,43.089644201],[-89.4355844,43.089581401],[-89.4353893,43.089614701],[-89.4353527,43.089701501],[-89.4352227,43.089674901],[-89.4352611,43.089583001],[-89.4351854,43.089521301],[-89.4352866,43.089457701],[-89.4353604,43.089516201],[-89.4355407,43.089488201],[-89.4355607,43.089424701],[-89.4355911,43.089343201],[-89.435534,43.089294101],[-89.4356513,43.089223701],[-89.4357185,43.089277001],[-89.4359174,43.089245101],[-89.4359453,43.089168901],[-89.4360789,43.089200301],[-89.4360439,43.089275501],[-89.4361201,43.089339401],[-89.4360175,43.089407401],[-89.4359427,43.089343501],[-89.4357459,43.089376501],[-89.4357195,43.089452001],[-89.4356894,43.089517101],[-89.435756,43.089577601]]]]},"properties":{"mapObjectId":"511","name":"Eagle Heights Buildings 701-819","buildingNumber":null,"streetAddress":null,"description":null,"hours":null,"center":[-89.43507273532946,43.089323732948266],"footprintStatus":"full","officialMapUrl":"https://map.wisc.edu/"}},{"type":"Feature","id":"459","geometry":{"type":"Polygon","coordinates":[[[-89.4004476,43.071501201],[-89.4004194,43.071500801],[-89.4004252,43.071288301],[-89.4003961,43.071287901],[-89.4003967,43.071267201],[-89.4003151,43.071266001],[-89.4003146,43.071285601],[-89.4002876,43.071285201],[-89.4002818,43.071499601],[-89.3999361,43.071491501],[-89.3999353,43.071683401],[-89.3996719,43.071674901],[-89.3996735,43.071615001],[-89.3995475,43.071613201],[-89.3995458,43.071673701],[-89.3992541,43.071669401],[-89.3992535,43.071691801],[-89.3992261,43.071691401],[-89.3992244,43.071754301],[-89.3992519,43.071754701],[-89.3992513,43.071777201],[-89.3995441,43.071781501],[-89.3995436,43.071800801],[-89.3997051,43.071803201],[-89.3997056,43.071784001],[-89.4000197,43.071788601],[-89.4001169,43.071790001],[-89.400125,43.071630201],[-89.4002899,43.071632301],[-89.4002677,43.071792201],[-89.400265,43.071893901],[-89.4002951,43.071894401],[-89.4002946,43.071913601],[-89.4003808,43.071914901],[-89.4003814,43.071892701],[-89.4004089,43.071893101],[-89.4004164,43.071618801],[-89.4004444,43.071619201],[-89.4004476,43.071501201]]]},"properties":{"mapObjectId":"459","name":"Sellery Residence Hall","buildingNumber":"1245","streetAddress":"821 W. Johnson St.","description":null,"hours":null,"center":[-89.40000895469616,43.07164463190376],"footprintStatus":"full","officialMapUrl":"https://map.wisc.edu/?initObj=1245"}},{"type":"Feature","id":"738","geometry":{"type":"Polygon","coordinates":[[[-89.4482441,43.075923901],[-89.4477959,43.075917401],[-89.4474175,43.075911901],[-89.4474074,43.076283701],[-89.4479509,43.076291501],[-89.448234,43.076295601],[-89.4482441,43.075923901]]]},"properties":{"mapObjectId":"738","name":"UW–Madison Extension","buildingNumber":"0743","streetAddress":"3500 University Ave","description":"UW–Madison Extension","hours":null,"center":[-89.4478257302805,43.07610377071468],"footprintStatus":"full","officialMapUrl":"https://map.wisc.edu/?initObj=0743"}},{"type":"Feature","id":"512","geometry":{"type":"MultiPolygon","coordinates":[[[[-89.4405878,43.085211001],[-89.4405195,43.085297701],[-89.4403946,43.085246801],[-89.4403097,43.085280501],[-89.440219,43.085317101],[-89.4402189,43.085399901],[-89.4402154,43.085463701],[-89.4403035,43.085502101],[-89.4403901,43.085539501],[-89.4405123,43.085488801],[-89.4405762,43.085574901],[-89.4404538,43.085627101],[-89.4404533,43.085729301],[-89.440319,43.085728401],[-89.4403215,43.085627601],[-89.4402386,43.085589101],[-89.4401475,43.085549601],[-89.4400548,43.085586201],[-89.4399719,43.085622901],[-89.4399713,43.085697601],[-89.4399663,43.085768901],[-89.4400626,43.085810601],[-89.4399889,43.085891301],[-89.4398984,43.085853701],[-89.439812,43.085889901],[-89.4397232,43.085925401],[-89.439725,43.086006501],[-89.4395868,43.086004801],[-89.4395892,43.085923701],[-89.4395093,43.085885301],[-89.4394344,43.085853301],[-89.4394187,43.085846601],[-89.4393191,43.085883501],[-89.4392538,43.085798001],[-89.4393516,43.085757701],[-89.4393525,43.085684101],[-89.4393534,43.085612501],[-89.4392619,43.085569301],[-89.4393281,43.085486601],[-89.4394249,43.085527201],[-89.4395172,43.085489101],[-89.4395822,43.085576201],[-89.4395109,43.085606101],[-89.4394904,43.085614701],[-89.439487,43.085689501],[-89.4394863,43.085758301],[-89.4395743,43.085799401],[-89.4396593,43.085834701],[-89.4397507,43.085798601],[-89.4398337,43.085765901],[-89.4398341,43.085693601],[-89.4398356,43.085620301],[-89.4397424,43.085578201],[-89.4398117,43.085496001],[-89.4399058,43.085533501],[-89.4399868,43.085501901],[-89.4400789,43.085462801],[-89.4400825,43.085393901],[-89.4400865,43.085315001],[-89.4399934,43.085273001],[-89.4400604,43.085188101],[-89.4401575,43.085228501],[-89.440244,43.085198201],[-89.4403259,43.085164201],[-89.4403309,43.085090301],[-89.4403329,43.085006701],[-89.4402485,43.084968801],[-89.4401624,43.084930501],[-89.4400646,43.084970501],[-89.4399994,43.084884701],[-89.4400952,43.084842701],[-89.440097,43.084763801],[-89.44023,43.084765701],[-89.4402324,43.084845601],[-89.4403097,43.084881001],[-89.4403983,43.084916901],[-89.4405257,43.084870901],[-89.4405921,43.084957701],[-89.4404693,43.085009601],[-89.4404652,43.085092901],[-89.4404649,43.085159701],[-89.4405878,43.085211001]]],[[[-89.4395794,43.084924201],[-89.4395183,43.085060001],[-89.4394588,43.085192301],[-89.439326,43.085160401],[-89.4393849,43.085029401],[-89.4394455,43.084894401],[-89.4395071,43.084757401],[-89.43964,43.084789301],[-89.4395794,43.084924201]]],[[[-89.4399509,43.084579001],[-89.4398026,43.084655901],[-89.4396349,43.084740801],[-89.4395582,43.084660001],[-89.4397258,43.084575001],[-89.4398742,43.084499601],[-89.44003,43.084419401],[-89.4401067,43.084498901],[-89.4399509,43.084579001]]],[[[-89.4418552,43.086265901],[-89.4417457,43.086407201],[-89.4416226,43.086355001],[-89.4417373,43.086215301],[-89.4418526,43.086072101],[-89.4419818,43.085915201],[-89.4420952,43.085963901],[-89.4419705,43.086122701],[-89.4418552,43.086265901]]],[[[-89.4422671,43.085717801],[-89.4421824,43.085879801],[-89.4420695,43.085848301],[-89.4421542,43.085686301],[-89.4422349,43.085529401],[-89.442319,43.085359501],[-89.4424454,43.085393601],[-89.4423537,43.085564001],[-89.4422671,43.085717801]]],[[[-89.4425229,43.085108601],[-89.4425229,43.085268301],[-89.442366,43.085268301],[-89.442366,43.085108601],[-89.442366,43.084941201],[-89.442366,43.084761301],[-89.4425229,43.084761301],[-89.4425229,43.084942201],[-89.4425229,43.085108601]]],[[[-89.4413316,43.084934501],[-89.4412593,43.084912501],[-89.4411765,43.084956901],[-89.4410975,43.084998801],[-89.4411072,43.085079301],[-89.4409721,43.085087701],[-89.4409585,43.085007601],[-89.4408601,43.084973501],[-89.440917,43.084885501],[-89.4410066,43.084913401],[-89.4410197,43.084917501],[-89.4411054,43.084872001],[-89.4411825,43.084830401],[-89.4411676,43.084726401],[-89.4412994,43.084715701],[-89.441314,43.084808301],[-89.4413157,43.084819201],[-89.4413927,43.084846301],[-89.4414965,43.084880201],[-89.4415808,43.084838101],[-89.4416587,43.084794801],[-89.441651,43.084724101],[-89.4417833,43.084712501],[-89.441795,43.084783901],[-89.4418919,43.084820401],[-89.4418421,43.084909401],[-89.4417334,43.084870701],[-89.4417183,43.084879201],[-89.4416535,43.084915401],[-89.4415791,43.084960201],[-89.4415868,43.085038601],[-89.4415983,43.085107001],[-89.4417237,43.085149701],[-89.4416727,43.085238501],[-89.4415438,43.085198301],[-89.4414577,43.085242301],[-89.4413801,43.085285801],[-89.4413904,43.085362901],[-89.4414019,43.085439501],[-89.4415279,43.085473601],[-89.4414679,43.085564601],[-89.4413379,43.085523101],[-89.4412455,43.085571401],[-89.4411766,43.085606801],[-89.4411899,43.085683501],[-89.4411997,43.085757401],[-89.4412914,43.085785801],[-89.4413808,43.085815901],[-89.4414688,43.085769401],[-89.4415478,43.085851101],[-89.4414593,43.085896101],[-89.4414694,43.085975801],[-89.4413324,43.085984601],[-89.4413289,43.085911201],[-89.4412394,43.085879901],[-89.4411403,43.085848301],[-89.4410484,43.085892301],[-89.4409822,43.085929101],[-89.4409893,43.086010901],[-89.4408549,43.086019101],[-89.4408453,43.085939601],[-89.4407481,43.085909301],[-89.4407998,43.085817501],[-89.4408987,43.085849401],[-89.4409741,43.085809401],[-89.4410595,43.085764601],[-89.4410519,43.085692101],[-89.4410433,43.085617501],[-89.440955,43.085588701],[-89.44086,43.085556401],[-89.4407449,43.085618201],[-89.4406655,43.085539301],[-89.4407834,43.085475101],[-89.4407681,43.085373501],[-89.4409027,43.085361201],[-89.4409185,43.085464601],[-89.441011,43.085494801],[-89.4411024,43.085523501],[-89.4411616,43.085492501],[-89.4412647,43.085438101],[-89.4412544,43.085368901],[-89.4412444,43.085295801],[-89.4411164,43.085252201],[-89.4411726,43.085162701],[-89.4412994,43.085205601],[-89.4413776,43.085163201],[-89.4414605,43.085119201],[-89.4414521,43.085045801],[-89.4414424,43.084970201],[-89.4413316,43.084934501]]],[[[-89.4410959,43.084355401],[-89.4410083,43.084319901],[-89.4409179,43.084355401],[-89.4408315,43.084392401],[-89.4408289,43.084495601],[-89.4406962,43.084496901],[-89.4406954,43.084390701],[-89.4406653,43.084379501],[-89.4405733,43.084337101],[-89.4406442,43.084251801],[-89.4407639,43.084302901],[-89.4408547,43.084268801],[-89.4409397,43.084232901],[-89.4409399,43.084151501],[-89.4410758,43.084153101],[-89.4410767,43.084234201],[-89.4411572,43.084270301],[-89.4412509,43.084310301],[-89.4413351,43.084272801],[-89.4414195,43.084238801],[-89.4414232,43.084156501],[-89.4415558,43.084156501],[-89.4415541,43.084237701],[-89.4416409,43.084275801],[-89.4417284,43.084313801],[-89.4418167,43.084279301],[-89.4419036,43.084241301],[-89.4419036,43.084162801],[-89.4420387,43.084165001],[-89.4420393,43.084245701],[-89.4421103,43.084276901],[-89.4422085,43.084316401],[-89.4422967,43.084281701],[-89.4423877,43.084243801],[-89.4423871,43.084162601],[-89.442525,43.084162601],[-89.4425234,43.084246201],[-89.4426135,43.084279601],[-89.4425463,43.084366801],[-89.4424491,43.084327301],[-89.4423622,43.084363301],[-89.4422744,43.084398501],[-89.4422876,43.084483301],[-89.4421412,43.084483601],[-89.4421412,43.084398501],[-89.4420371,43.084359401],[-89.4419647,43.084330201],[-89.4418768,43.084366601],[-89.441793,43.084399801],[-89.4417897,43.084482101],[-89.4416568,43.084479601],[-89.4416618,43.084402501],[-89.441571,43.084362401],[-89.4414868,43.084323601],[-89.4413997,43.084356901],[-89.4413156,43.084395901],[-89.4413123,43.084475901],[-89.441176,43.084474501],[-89.4411803,43.084395801],[-89.4410959,43.084355401]]]]},"properties":{"mapObjectId":"512","name":"Eagle Heights Buildings 901-946","buildingNumber":null,"streetAddress":null,"description":null,"hours":null,"center":[-89.44098562510551,43.085160456106756],"footprintStatus":"full","officialMapUrl":"https://map.wisc.edu/"}},{"type":"Feature","id":"359","geometry":{"type":"Polygon","coordinates":[[[-89.4115188,43.077245801],[-89.4115187,43.077049601],[-89.4115187,43.076994501],[-89.4114893,43.076994501],[-89.4114893,43.076974401],[-89.4114583,43.076974401],[-89.4114271,43.076974401],[-89.4114272,43.076994501],[-89.4113198,43.076994501],[-89.4113198,43.077061601],[-89.4111457,43.077061601],[-89.4111457,43.077087001],[-89.4111152,43.077087001],[-89.4111152,43.077211501],[-89.4111517,43.077211501],[-89.4111517,43.077287401],[-89.4113154,43.077287401],[-89.4113154,43.077301601],[-89.4114134,43.077301601],[-89.411454,43.077301601],[-89.4115188,43.077301601],[-89.4115188,43.077245801]]]},"properties":{"mapObjectId":"359","name":"Carson Gulley Center","buildingNumber":"0565","streetAddress":"1515 Tripp Cir.","description":null,"hours":null,"center":[-89.41134061885892,43.07715570280584],"footprintStatus":"full","officialMapUrl":"https://map.wisc.edu/?initObj=0565"}},{"type":"Feature","id":"731","geometry":{"type":"Polygon","coordinates":[[[-89.42043927,43.074402661],[-89.420367544,43.074402238],[-89.420367645,43.074393008],[-89.420353377,43.074392924],[-89.420353372,43.074393381],[-89.420304723,43.074393094],[-89.420304728,43.074392636],[-89.420293502,43.074392571],[-89.420293496,43.074393057],[-89.419868204,43.074390547],[-89.419868109,43.074399234],[-89.419773227,43.074398673],[-89.419772854,43.074429109],[-89.419772192,43.074489292],[-89.419771862,43.074519413],[-89.419866703,43.074520059],[-89.419866451,43.074543091],[-89.41986635,43.074552237],[-89.419865782,43.074604005],[-89.419865644,43.074616536],[-89.41986619,43.074616539],[-89.419866189,43.074616597],[-89.420365159,43.074619541],[-89.42036519,43.07461674],[-89.420365195,43.074616283],[-89.420378137,43.07461636],[-89.420378253,43.074605836],[-89.420410222,43.074606025],[-89.420410218,43.074606317],[-89.420410702,43.07460632],[-89.420410696,43.074606835],[-89.420437106,43.07460699],[-89.420437362,43.074583671],[-89.420437385,43.074581528],[-89.420438802,43.074452443],[-89.420438139,43.07445244],[-89.420438247,43.074435521],[-89.420438325,43.074435522],[-89.42043833,43.074435065],[-89.420438914,43.074435069],[-89.42043927,43.074402661]]]},"properties":{"mapObjectId":"731","name":"Tooman Arena","buildingNumber":"0993","streetAddress":"425 Easterdayy Ln","description":null,"hours":null,"center":[-89.42012250835991,43.074501309965775],"footprintStatus":"full","officialMapUrl":"https://map.wisc.edu/?initObj=0993"}},{"type":"Feature","id":"525","geometry":{"type":"Polygon","coordinates":[[[-89.398482442,43.07217955],[-89.398477077,43.072583172],[-89.399029613,43.07258709],[-89.399034977,43.072493043],[-89.39900279,43.072493043],[-89.399008155,43.072422507],[-89.39896524,43.072418588],[-89.39896524,43.07217955],[-89.398482442,43.07217955]]]},"properties":{"mapObjectId":"525","name":"333 East Campus Mall","buildingNumber":"0467","streetAddress":"333 East Campus Mall","description":"Enter from East Campus Mall, on the west side of the building across from Vilas Hall.","hours":null,"center":[-89.39873499064846,43.07238842928146],"footprintStatus":"partial","officialMapUrl":"https://map.wisc.edu/?initObj=0467"}},{"type":"Feature","id":"548","geometry":{"type":"Polygon","coordinates":[[[-89.4007237,43.068339201],[-89.4007228,43.068320801],[-89.4007133,43.068303801],[-89.4006931,43.068286601],[-89.4006579,43.068274001],[-89.4006498,43.068258501],[-89.4007011,43.068262901],[-89.4007039,43.068101401],[-89.399369,43.067945001],[-89.3993664,43.068067701],[-89.3993574,43.068067801],[-89.3993371,43.068174401],[-89.3993648,43.068175801],[-89.3993632,43.068208701],[-89.3993618,43.068235101],[-89.3993584,43.068304001],[-89.4003686,43.068419001],[-89.4005128,43.068435401],[-89.4005282,43.068348601],[-89.4005412,43.068362501],[-89.4005559,43.068379001],[-89.4005715,43.068394801],[-89.4005957,43.068404901],[-89.4006251,43.068408001],[-89.4006502,43.068408001],[-89.4006804,43.068399801],[-89.4007029,43.068387801],[-89.4007176,43.068372001],[-89.4007237,43.068355601],[-89.4007237,43.068339201]]]},"properties":{"mapObjectId":"548","name":"21 N. Park St.","buildingNumber":"1078","streetAddress":"21 N. Park St.","description":null,"hours":null,"center":[-89.40001835655292,43.06819743717501],"footprintStatus":"full","officialMapUrl":"https://map.wisc.edu/?initObj=1078"}},{"type":"Feature","id":"419","geometry":{"type":"Polygon","coordinates":[[[-89.4173343,43.075619001],[-89.4163767,43.075614001],[-89.4163748,43.075803801],[-89.4165275,43.075804601],[-89.4165272,43.075836201],[-89.4166524,43.075836901],[-89.4166516,43.075915901],[-89.4172287,43.075919001],[-89.4172295,43.075843101],[-89.417332,43.075843701],[-89.4173343,43.075619001]]]},"properties":{"mapObjectId":"419","name":"Livestock Laboratory","buildingNumber":"0115","streetAddress":"1810 Linden Dr.","description":null,"hours":null,"center":[-89.41687817674551,43.0757527556579],"footprintStatus":"full","officialMapUrl":"https://map.wisc.edu/?initObj=0115"}},{"type":"Feature","id":"420","geometry":{"type":"Polygon","coordinates":[[[-89.3961527,43.076253401],[-89.3958908,43.076250201],[-89.3958924,43.076179101],[-89.395931,43.076179501],[-89.3959336,43.076061801],[-89.3958927,43.076061301],[-89.3958957,43.075925601],[-89.3957574,43.075924001],[-89.395754,43.076079501],[-89.3955868,43.076077501],[-89.3955866,43.076087301],[-89.3955177,43.076086501],[-89.3955171,43.076111601],[-89.3955089,43.076111501],[-89.3955086,43.076127201],[-89.3955082,43.076145001],[-89.3955155,43.076145101],[-89.3955133,43.076240501],[-89.3955006,43.076240401],[-89.3954969,43.076401801],[-89.3957165,43.076405201],[-89.39578,43.076406201],[-89.3957769,43.076511501],[-89.3961074,43.076515601],[-89.3961099,43.076406301],[-89.3961492,43.076406801],[-89.3961527,43.076253401]]]},"properties":{"mapObjectId":"420","name":"Lowell Center","buildingNumber":"0502","streetAddress":"610 Langdon St.","description":null,"hours":null,"center":[-89.3958111338856,43.07626741285504],"footprintStatus":"full","officialMapUrl":"https://map.wisc.edu/?initObj=0502"}},{"type":"Feature","id":"338","geometry":{"type":"Polygon","coordinates":[[[-89.4172329,43.076056001],[-89.416543,43.076054901],[-89.4165432,43.075995101],[-89.4164174,43.075994901],[-89.4164176,43.075918301],[-89.4160889,43.075917901],[-89.4160881,43.076213501],[-89.4162831,43.076213801],[-89.4162829,43.076307601],[-89.4164957,43.076307901],[-89.4164958,43.076247301],[-89.4165182,43.076247301],[-89.4165514,43.076247401],[-89.4165513,43.076277301],[-89.4172322,43.076278401],[-89.4172329,43.076056001]]]},"properties":{"mapObjectId":"338","name":"Agricultural Engineering Laboratory","buildingNumber":"0099","streetAddress":"540 Elm Dr.","description":null,"hours":null,"center":[-89.41660925380751,43.076134762450344],"footprintStatus":"full","officialMapUrl":"https://map.wisc.edu/?initObj=0099"}},{"type":"Feature","id":"445","geometry":{"type":"Polygon","coordinates":[[[-89.4182524,43.075883601],[-89.4181237,43.075882501],[-89.4181192,43.076165601],[-89.4180742,43.076165201],[-89.4180789,43.075877201],[-89.4179413,43.075876001],[-89.4179366,43.076163901],[-89.4178874,43.076163501],[-89.4178921,43.075876801],[-89.4177593,43.075875701],[-89.4177546,43.076162901],[-89.4176989,43.076162401],[-89.4177036,43.075874901],[-89.4175885,43.075874001],[-89.4175813,43.076324601],[-89.4179158,43.076327401],[-89.4182453,43.076330201],[-89.4182524,43.075883601]]]},"properties":{"mapObjectId":"445","name":"Poultry Research Laboratory","buildingNumber":"0110","streetAddress":"1925 Observatory Dr.","description":null,"hours":null,"center":[-89.41791911193357,43.076116220022],"footprintStatus":"full","officialMapUrl":"https://map.wisc.edu/?initObj=0110"}},{"type":"Feature","id":"466","geometry":{"type":"Polygon","coordinates":[[[-89.4057182,43.076164001],[-89.4053697,43.076123501],[-89.4053323,43.076295201],[-89.4052451,43.076285101],[-89.4048388,43.076237901],[-89.4047147,43.076223501],[-89.4046783,43.076390701],[-89.4051607,43.076446701],[-89.4051109,43.076675501],[-89.40516,43.076681201],[-89.4051372,43.076786101],[-89.404996,43.076769701],[-89.4049535,43.076964901],[-89.4050247,43.076973201],[-89.4050186,43.077000901],[-89.4053956,43.077044701],[-89.4054255,43.076907501],[-89.4054443,43.076821101],[-89.4054088,43.076817001],[-89.4054153,43.076787301],[-89.4053661,43.076781501],[-89.4053647,43.076787801],[-89.4052793,43.076778601],[-89.4052956,43.076704601],[-89.4053064,43.076706801],[-89.4053365,43.076569301],[-89.4056502,43.076604101],[-89.4056766,43.076452001],[-89.4055629,43.076438301],[-89.4055646,43.076426301],[-89.4055661,43.076411801],[-89.4055421,43.076409801],[-89.405543,43.076387701],[-89.4055367,43.076387101],[-89.4055371,43.076373201],[-89.4055436,43.076337301],[-89.4056772,43.076352401],[-89.4057182,43.076164001]]]},"properties":{"mapObjectId":"466","name":"Sewell Social Sciences","buildingNumber":"0046","streetAddress":"1180 Observatory Dr.","description":null,"hours":null,"center":[-89.40525869993579,43.076528947135394],"footprintStatus":"full","officialMapUrl":"https://map.wisc.edu/?initObj=0046"}},{"type":"Feature","id":"482","geometry":{"type":"Polygon","coordinates":[[[-89.4054775,43.074801101],[-89.4054515,43.074795701],[-89.4054527,43.074710201],[-89.4054536,43.074650301],[-89.4053418,43.074649901],[-89.4053009,43.074648901],[-89.4047879,43.074645701],[-89.4047687,43.074596401],[-89.4045793,43.074594501],[-89.4045601,43.074642501],[-89.4044507,43.074642701],[-89.4044285,43.074642701],[-89.4044141,43.074703401],[-89.4044095,43.074722601],[-89.4043261,43.074723101],[-89.4043161,43.074723201],[-89.4043094,43.074717701],[-89.4042524,43.074722401],[-89.404275,43.074783201],[-89.4042824,43.074802901],[-89.4043154,43.074891801],[-89.4045857,43.074895101],[-89.4047326,43.074894101],[-89.4047462,43.074894501],[-89.4047424,43.074929701],[-89.4049152,43.074968101],[-89.4049107,43.074996501],[-89.4050765,43.075022501],[-89.4051303,43.075022501],[-89.4052852,43.075022101],[-89.4052855,43.075029901],[-89.4053697,43.075031301],[-89.4053727,43.075023701],[-89.4054455,43.075023801],[-89.4054485,43.074930501],[-89.4054507,43.074898201],[-89.4054758,43.074893401],[-89.4054775,43.074801101]]]},"properties":{"mapObjectId":"482","name":"Van Vleck Hall","buildingNumber":"0048","streetAddress":"480 Lincoln Dr.","description":null,"hours":null,"center":[-89.40493702344519,43.07480652279825],"footprintStatus":"full","officialMapUrl":"https://map.wisc.edu/?initObj=0048"}},{"type":"Feature","id":"350","geometry":{"type":"Polygon","coordinates":[[[-89.3982397,43.076837901],[-89.3982278,43.076831901],[-89.3982155,43.076824301],[-89.3982044,43.076815101],[-89.3981937,43.076804701],[-89.3981903,43.076784101],[-89.3981908,43.076760801],[-89.3981985,43.076722901],[-89.3982152,43.076691401],[-89.398224,43.076679501],[-89.3982383,43.076660001],[-89.3981996,43.076659201],[-89.3981836,43.076648201],[-89.3980954,43.076648101],[-89.3980954,43.076656501],[-89.3980717,43.076656601],[-89.3980724,43.076626801],[-89.398073,43.076599501],[-89.3980378,43.076599001],[-89.397827,43.076596301],[-89.3978088,43.076596101],[-89.397754,43.076595401],[-89.3977538,43.076603001],[-89.3977536,43.076610801],[-89.3976958,43.076610201],[-89.3976196,43.076609401],[-89.397522,43.076608301],[-89.3975206,43.076676601],[-89.3975074,43.076676501],[-89.3974755,43.076676301],[-89.3974741,43.076748401],[-89.3975041,43.076749101],[-89.3975197,43.076749401],[-89.3975178,43.076816201],[-89.3976583,43.076819201],[-89.3976575,43.076889701],[-89.3980375,43.076893201],[-89.3980378,43.076865001],[-89.398102,43.076862501],[-89.3981298,43.076860401],[-89.398154,43.076857401],[-89.3981862,43.076851501],[-89.3982174,43.076844301],[-89.3982397,43.076837901]],[[-89.398071,43.076684101],[-89.3978973,43.076681901],[-89.3980409,43.076683301],[-89.398071,43.076684101]]]},"properties":{"mapObjectId":"350","name":"Below Alumni Center","buildingNumber":"0489","streetAddress":"650 N. Lake St.","description":null,"hours":null,"center":[-89.39785654280483,43.076740562437884],"footprintStatus":"full","officialMapUrl":"https://map.wisc.edu/?initObj=0489"}},{"type":"Feature","id":"401","geometry":{"type":"Polygon","coordinates":[[[-89.4005028,43.075178501],[-89.4004873,43.075178301],[-89.400442,43.075177701],[-89.4002873,43.075175801],[-89.4002862,43.075186501],[-89.400061,43.075183901],[-89.4000624,43.075114701],[-89.3999529,43.075113501],[-89.3999531,43.075103401],[-89.3998965,43.075102701],[-89.399864,43.075102301],[-89.3998463,43.075102101],[-89.3997786,43.075101401],[-89.3997784,43.075111001],[-89.3997097,43.075110201],[-89.3996631,43.075109701],[-89.3996579,43.075354701],[-89.3996571,43.075400801],[-89.3996563,43.075447901],[-89.3996507,43.075693501],[-89.3997647,43.075694801],[-89.3997645,43.075705101],[-89.3998318,43.075705901],[-89.399851,43.075706101],[-89.3998755,43.075706401],[-89.3999561,43.075707301],[-89.3999563,43.075699701],[-89.4000717,43.075701001],[-89.4000731,43.075635801],[-89.4002807,43.075638201],[-89.4002789,43.075650501],[-89.400482,43.075653101],[-89.4004922,43.075653201],[-89.4004959,43.075502701],[-89.4004788,43.075502501],[-89.4004811,43.075409601],[-89.4004831,43.075325901],[-89.4004992,43.075326101],[-89.4005028,43.075178501]]]},"properties":{"mapObjectId":"401","name":"Wisconsin Historical Society","buildingNumber":"0016","streetAddress":"816 State St.","description":null,"hours":null,"center":[-89.40004969827092,43.07540914917626],"footprintStatus":"full","officialMapUrl":"https://map.wisc.edu/?initObj=0016"}},{"type":"Feature","id":"418","geometry":{"type":"Polygon","coordinates":[[[-89.4031755,43.077160801],[-89.4030676,43.077154601],[-89.4027822,43.077138501],[-89.4027739,43.077207701],[-89.402762,43.077306401],[-89.4027585,43.077332701],[-89.4031545,43.077353301],[-89.4031559,43.077325101],[-89.4031755,43.077160801]]]},"properties":{"mapObjectId":"418","name":"Hasler Laboratory of Limnology","buildingNumber":"0483","streetAddress":"680 N. Park St.","description":null,"hours":null,"center":[-89.40296702882381,43.077246316013834],"footprintStatus":"full","officialMapUrl":"https://map.wisc.edu/?initObj=0483"}},{"type":"Feature","id":"431","geometry":{"type":"Polygon","coordinates":[[[-89.3984881,43.075065801],[-89.3981862,43.075061101],[-89.398171,43.075052001],[-89.3981525,43.075048501],[-89.3981369,43.075051001],[-89.3981236,43.075059901],[-89.3978936,43.075057101],[-89.3978943,43.075022201],[-89.3978946,43.075010001],[-89.3974911,43.075005201],[-89.3974908,43.075017201],[-89.3974906,43.075028801],[-89.3974787,43.075028601],[-89.3974718,43.075355201],[-89.3975904,43.075356501],[-89.397587,43.075362501],[-89.3975869,43.075367301],[-89.3975511,43.075366901],[-89.3975473,43.075551101],[-89.3975412,43.075554201],[-89.3974642,43.075553201],[-89.3974611,43.075676701],[-89.3975404,43.075677701],[-89.3975402,43.075685801],[-89.397682,43.075687801],[-89.3976821,43.075684901],[-89.3982148,43.075693001],[-89.3982949,43.075694201],[-89.3982948,43.075697601],[-89.3983032,43.075697701],[-89.3984696,43.075700301],[-89.3984705,43.075668201],[-89.3984756,43.075486401],[-89.3984778,43.075398101],[-89.3984781,43.075369601],[-89.3984822,43.075266501],[-89.3984876,43.075084601],[-89.3984881,43.075065801]]]},"properties":{"mapObjectId":"431","name":"Memorial Library","buildingNumber":"0015","streetAddress":"728 State St.","description":null,"hours":null,"center":[-89.3979786545855,43.075361560608634],"footprintStatus":"full","officialMapUrl":"https://map.wisc.edu/?initObj=0015"}},{"type":"Feature","id":"514","geometry":{"type":"Polygon","coordinates":[[[-89.4068003,43.074798801],[-89.4066619,43.074797101],[-89.4066651,43.074627401],[-89.406666,43.074581801],[-89.4066541,43.074581801],[-89.4064751,43.074580701],[-89.4064752,43.074634901],[-89.4064682,43.074964801],[-89.4067963,43.074968101],[-89.4067966,43.074955601],[-89.4068003,43.074798801]]]},"properties":{"mapObjectId":"514","name":"Medical Sciences","buildingNumber":"0451C","streetAddress":"1215 Linden Dr.","description":null,"hours":null,"center":[-89.40660655216718,43.074800013152554],"footprintStatus":"full","officialMapUrl":"https://map.wisc.edu/?initObj=0451C"}},{"type":"Feature","id":"405","geometry":{"type":"Polygon","coordinates":[[[-89.4003816,43.073738801],[-89.4003732,43.073738701],[-89.400375,43.073676901],[-89.4003771,43.073663801],[-89.4003795,43.073569001],[-89.3999076,43.073560901],[-89.3997633,43.073558401],[-89.3997595,43.073677801],[-89.3997422,43.074216301],[-89.3997255,43.074788901],[-89.399816,43.074790701],[-89.3998818,43.074791601],[-89.4003423,43.074798401],[-89.4003451,43.074741801],[-89.4003458,43.074726601],[-89.4003465,43.074708401],[-89.4003473,43.074690801],[-89.4003631,43.074325901],[-89.4003675,43.074228501],[-89.4003698,43.074158601],[-89.4003816,43.073738801]],[[-89.4001973,43.074270501],[-89.4001969,43.074365901],[-89.4001917,43.074372101],[-89.3999051,43.074369401],[-89.3998948,43.074359001],[-89.3999001,43.074265401],[-89.399908,43.074258601],[-89.3999195,43.074249001],[-89.4001758,43.074253701],[-89.4001875,43.074262901],[-89.4001973,43.074270501]]]},"properties":{"mapObjectId":"405","name":"Mosse Humanities Building","buildingNumber":"0469","streetAddress":"455 N. Park St.","description":null,"hours":null,"center":[-89.4000552245385,43.074172265595365],"footprintStatus":"full","officialMapUrl":"https://map.wisc.edu/?initObj=0469"}},{"type":"Feature","id":"388","geometry":{"type":"Polygon","coordinates":[[[-89.4100337,43.073641101],[-89.4097673,43.073640901],[-89.4097673,43.073674301],[-89.4097672,43.073727701],[-89.4097775,43.073727701],[-89.4097774,43.073756901],[-89.4096119,43.073756801],[-89.409612,43.073705701],[-89.4094431,43.073705601],[-89.409443,43.073753101],[-89.4093656,43.073753101],[-89.4093545,43.073753101],[-89.4093547,43.073634401],[-89.4092226,43.073634301],[-89.4092226,43.073641901],[-89.4091985,43.073641901],[-89.4091201,43.073641801],[-89.4091202,43.073632401],[-89.4086691,43.073632101],[-89.408669,43.073693101],[-89.4086838,43.073693101],[-89.4086835,43.073936501],[-89.40916,43.073936801],[-89.4091601,43.073903501],[-89.4092217,43.073903501],[-89.4092216,43.073968001],[-89.4093661,43.073968101],[-89.409366,43.074020401],[-89.4098939,43.074020701],[-89.4099767,43.074020801],[-89.4099767,43.074031101],[-89.4100291,43.074030701],[-89.4100307,43.073899201],[-89.4100337,43.073641101]]]},"properties":{"mapObjectId":"388","name":"Genetics-Biotechnology Center Building","buildingNumber":"0082","streetAddress":"425 Henry Mall","description":null,"hours":null,"center":[-89.40937813352107,43.07382219127579],"footprintStatus":"full","officialMapUrl":"https://map.wisc.edu/?initObj=0082"}},{"type":"Feature","id":"719","geometry":{"type":"Polygon","coordinates":[[[-89.4190782,43.075655501],[-89.418534,43.075652101],[-89.4185337,43.075682901],[-89.4186231,43.075683501],[-89.4186226,43.075725701],[-89.4187348,43.075726401],[-89.4187342,43.075779201],[-89.4188244,43.075779701],[-89.4188223,43.075964601],[-89.4188895,43.075965001],[-89.4188874,43.076147901],[-89.4190725,43.076149101],[-89.419073,43.076104801],[-89.4190782,43.075655501]]]},"properties":{"mapObjectId":"719","name":"Meat Microbiology Lab","buildingNumber":"0249","streetAddress":"1932 Linden Dr.","description":null,"hours":null,"center":[-89.41891949492599,43.075854055112224],"footprintStatus":"full","officialMapUrl":"https://map.wisc.edu/?initObj=0249"}},{"type":"Feature","id":"483","geometry":{"type":"Polygon","coordinates":[[[-89.4324976,43.074809801],[-89.4323882,43.074750101],[-89.4321507,43.074982701],[-89.4321395,43.074982501],[-89.4321169,43.074970101],[-89.4321245,43.074870101],[-89.4323055,43.074793901],[-89.432292,43.074776401],[-89.4323289,43.074763501],[-89.4322626,43.074687801],[-89.4320264,43.074787301],[-89.4319943,43.074821301],[-89.4319533,43.074800101],[-89.4318199,43.074798601],[-89.4317668,43.074847901],[-89.4317197,43.074836301],[-89.4317158,43.074840401],[-89.4316991,43.074856301],[-89.4315695,43.074784501],[-89.431809,43.074553801],[-89.4316723,43.074478201],[-89.4315387,43.074606901],[-89.4314505,43.074560401],[-89.4316255,43.074389001],[-89.4315685,43.074355901],[-89.4316192,43.074306301],[-89.4315034,43.074251801],[-89.431549,43.074204001],[-89.4315237,43.074190001],[-89.431419,43.074290501],[-89.4313694,43.074261001],[-89.4311678,43.074456901],[-89.4311175,43.074425801],[-89.4313281,43.074210501],[-89.4313567,43.074226301],[-89.4314004,43.074184101],[-89.4313718,43.074168301],[-89.4314487,43.074094301],[-89.4314844,43.074114101],[-89.4316034,43.073999401],[-89.4314713,43.073926201],[-89.4313167,43.074075101],[-89.4312587,43.074043001],[-89.4312341,43.074066701],[-89.4310629,43.073971901],[-89.4310055,43.074027201],[-89.4306523,43.073831701],[-89.43043,43.074045901],[-89.4309543,43.074336301],[-89.4308356,43.074450701],[-89.4307814,43.074420601],[-89.4307322,43.074468001],[-89.430726,43.074466201],[-89.4306979,43.074450601],[-89.4306922,43.074456101],[-89.4300022,43.074250801],[-89.4300426,43.074178201],[-89.430016,43.074170201],[-89.4300194,43.074164201],[-89.4299472,43.074142801],[-89.4299439,43.074148801],[-89.4298939,43.074133901],[-89.429897,43.074128301],[-89.4298252,43.074106901],[-89.429822,43.074112501],[-89.4297986,43.074105501],[-89.4297575,43.074179301],[-89.4297749,43.074184401],[-89.4297613,43.074208801],[-89.4297566,43.074207401],[-89.4297216,43.074270101],[-89.4297797,43.074287401],[-89.4297706,43.074303701],[-89.4298153,43.074317001],[-89.4298108,43.074325001],[-89.4299564,43.074368301],[-89.4298291,43.074596601],[-89.4298988,43.074617401],[-89.4298855,43.074641201],[-89.4299263,43.074653301],[-89.4299127,43.074677601],[-89.4300169,43.074708601],[-89.4300276,43.074689401],[-89.4300862,43.074706801],[-89.4300551,43.074762501],[-89.4301613,43.074794101],[-89.4301452,43.074823001],[-89.4302684,43.074859601],[-89.4302964,43.074809401],[-89.4303324,43.074820101],[-89.4303828,43.074729801],[-89.4303468,43.074719001],[-89.4303835,43.074653101],[-89.4303538,43.074644301],[-89.4304292,43.074509001],[-89.4305282,43.074538501],[-89.4304772,43.074625701],[-89.4304745,43.074636001],[-89.4304802,43.074645601],[-89.4306491,43.074741301],[-89.4306556,43.074744001],[-89.4306629,43.074745101],[-89.4306705,43.074744401],[-89.4306774,43.074742001],[-89.4307279,43.074714901],[-89.4307755,43.074741801],[-89.4308305,43.074690001],[-89.4312283,43.074910301],[-89.4311355,43.074997301],[-89.4311321,43.075155601],[-89.4311313,43.075194901],[-89.4314501,43.075198601],[-89.4314706,43.075177501],[-89.431597,43.075178901],[-89.4315961,43.075222401],[-89.431641,43.075222901],[-89.4316419,43.075179401],[-89.4322961,43.075186801],[-89.4322978,43.075103001],[-89.4323211,43.075103301],[-89.4323214,43.075090001],[-89.4324096,43.075003701],[-89.4324067,43.074979001],[-89.4323371,43.074941101],[-89.4323554,43.074923201],[-89.4323998,43.074947401],[-89.4324552,43.074893201],[-89.4324277,43.074878201],[-89.4324976,43.074809801]]]},"properties":{"mapObjectId":"483","name":"Veterans Administration Hospital","buildingNumber":"1055","streetAddress":"2500 Overlook Terrace","description":null,"hours":null,"center":[-89.43111604122933,43.07459533894985],"footprintStatus":"full","officialMapUrl":"https://map.wisc.edu/?initObj=1055"}},{"type":"Feature","id":"486","geometry":{"type":"Polygon","coordinates":[[[-89.4349478,43.078119201],[-89.4342642,43.078113201],[-89.43426,43.078266401],[-89.4341873,43.078265901],[-89.4341879,43.078240001],[-89.4341476,43.078239301],[-89.4341465,43.078182001],[-89.4339909,43.078180601],[-89.4339896,43.078152601],[-89.433857,43.078149101],[-89.4338574,43.078158001],[-89.4338393,43.078158001],[-89.4338385,43.078172901],[-89.4336448,43.078173001],[-89.4336354,43.078508201],[-89.4336622,43.078508901],[-89.4336602,43.078526501],[-89.4331872,43.078520301],[-89.4331847,43.078566301],[-89.4331023,43.078565901],[-89.4331006,43.078619901],[-89.4330595,43.078627001],[-89.4330287,43.078641601],[-89.4330039,43.078667101],[-89.432998,43.078695101],[-89.4330041,43.078719701],[-89.4330221,43.078742301],[-89.4330538,43.078760601],[-89.4330958,43.078769201],[-89.4336565,43.078780101],[-89.4336569,43.078790801],[-89.4338244,43.078792401],[-89.4338496,43.078789601],[-89.4338705,43.078786201],[-89.4338844,43.078780601],[-89.433898,43.078774901],[-89.4339157,43.078761301],[-89.433924,43.078751001],[-89.4339328,43.078739201],[-89.4339402,43.078722601],[-89.4339429,43.078705201],[-89.4338742,43.078704201],[-89.4338737,43.078716801],[-89.433868,43.078730001],[-89.4338526,43.078742301],[-89.4338251,43.078746701],[-89.4337507,43.078745301],[-89.433752,43.078735501],[-89.4337639,43.078731101],[-89.4338395,43.078730601],[-89.4338541,43.078722801],[-89.4338614,43.078713001],[-89.43386,43.078698701],[-89.4338513,43.078687901],[-89.4338365,43.078684001],[-89.4337588,43.078682601],[-89.4337587,43.078645501],[-89.4338547,43.078646301],[-89.4338553,43.078673301],[-89.4348139,43.078689401],[-89.4348174,43.078590701],[-89.4349327,43.078592901],[-89.4349478,43.078119201]]]},"properties":{"mapObjectId":"486","name":"Waisman Center","buildingNumber":"0459","streetAddress":"1500 Highland Ave.","description":null,"hours":null,"center":[-89.43412445383274,43.07846060064663],"footprintStatus":"full","officialMapUrl":"https://map.wisc.edu/?initObj=0459"}},{"type":"Feature","id":"487","geometry":{"type":"Polygon","coordinates":[[[-89.4262449,43.076127701],[-89.4262084,43.076099601],[-89.4260663,43.076099101],[-89.4260301,43.076099001],[-89.4259602,43.076098701],[-89.4258221,43.076097501],[-89.4258223,43.076102801],[-89.4258134,43.076105301],[-89.4258014,43.076105101],[-89.4257779,43.076121901],[-89.4257781,43.076128701],[-89.4257748,43.076130701],[-89.4257645,43.076131001],[-89.4257648,43.076196201],[-89.4257778,43.076196201],[-89.4257782,43.076205001],[-89.4261059,43.076451401],[-89.4261937,43.076453501],[-89.4261935,43.076445801],[-89.4261968,43.076441901],[-89.4262073,43.076441801],[-89.42623,43.076426001],[-89.4262296,43.076416701],[-89.4262344,43.076417301],[-89.4262341,43.076411301],[-89.4262417,43.076411101],[-89.4262449,43.076127701]]]},"properties":{"mapObjectId":"487","name":"WARF Office Building","buildingNumber":"0039","streetAddress":"610 Walnut St.","description":null,"hours":null,"center":[-89.42604763396352,43.076243174666224],"footprintStatus":"full","officialMapUrl":"https://map.wisc.edu/?initObj=0039"}},{"type":"Feature","id":"721","geometry":{"type":"Polygon","coordinates":[[[-89.4200394,43.075720001],[-89.4200406,43.075675701],[-89.4203003,43.075679201],[-89.4203008,43.075623701],[-89.4203202,43.075627201],[-89.4203749,43.075627701],[-89.420375,43.075398301],[-89.4204541,43.075398201],[-89.4204544,43.075627901],[-89.4205295,43.075628501],[-89.4205296,43.075623001],[-89.4209587,43.075625501],[-89.4209602,43.075484101],[-89.4207469,43.075459501],[-89.4207476,43.075400001],[-89.421118,43.075402001],[-89.4210581,43.075534301],[-89.4210686,43.075634601],[-89.4210708,43.075639601],[-89.4211626,43.075633601],[-89.4211791,43.075770701],[-89.4211743,43.075771001],[-89.4211821,43.075837101],[-89.4211509,43.076138601],[-89.4212008,43.076141101],[-89.4211852,43.076306001],[-89.4211336,43.076303401],[-89.421136,43.076316101],[-89.4208063,43.076314301],[-89.4208065,43.076295901],[-89.4207752,43.076295701],[-89.4206563,43.076295001],[-89.4206563,43.076293901],[-89.4206497,43.076293801],[-89.4206497,43.076292801],[-89.4206463,43.076292801],[-89.4206379,43.076292701],[-89.4206372,43.076327801],[-89.420336,43.076326001],[-89.420336,43.076309801],[-89.4202942,43.076309601],[-89.4202997,43.075736201],[-89.4202999,43.075723101],[-89.4200394,43.075720001]],[[-89.4207318,43.075871101],[-89.4207317,43.075880701],[-89.420719,43.075880601],[-89.4207194,43.075844601],[-89.4206527,43.075844601],[-89.4206483,43.076229001],[-89.4207761,43.076227901],[-89.4207803,43.076227201],[-89.4207845,43.076226101],[-89.4207886,43.076224801],[-89.4207924,43.076223301],[-89.4207961,43.076221501],[-89.4207995,43.076219501],[-89.4208027,43.076217201],[-89.4208056,43.076214701],[-89.4210472,43.075992501],[-89.4210523,43.075987101],[-89.4210568,43.075981501],[-89.4210606,43.075975501],[-89.4210637,43.075969401],[-89.4210662,43.075963201],[-89.4210679,43.075956801],[-89.4210689,43.075950301],[-89.4210769,43.075873701],[-89.421077,43.075873101],[-89.4207318,43.075871101]]]},"properties":{"mapObjectId":"721","name":"Veterinary Medicine North","buildingNumber":"0793","streetAddress":"515 Easterday Ln","description":"Find the latest parking and detour information related to ongoing construction around the School of Veterinary Medicine.","hours":null,"center":[-89.42071135717248,43.07590543787955],"footprintStatus":"full","officialMapUrl":"https://map.wisc.edu/?initObj=0793"}},{"type":"Feature","id":"618","geometry":{"type":"Polygon","coordinates":[[[-89.4329263,43.078151201],[-89.4325802,43.077924801],[-89.4321936,43.078008501],[-89.432067,43.077700201],[-89.4320538,43.077671101],[-89.4321351,43.077633101],[-89.4321811,43.077607001],[-89.4322246,43.077578601],[-89.4322249,43.077540201],[-89.4322121,43.077540201],[-89.432192,43.077524301],[-89.4321615,43.077524301],[-89.4321396,43.077539101],[-89.4321033,43.077539101],[-89.4320823,43.077522501],[-89.4321008,43.077510001],[-89.4320907,43.077502101],[-89.4319005,43.077351501],[-89.4318822,43.077363901],[-89.4318691,43.077353501],[-89.4316301,43.077514601],[-89.4316504,43.077530601],[-89.431631,43.077543701],[-89.4315969,43.077543101],[-89.4315779,43.077528101],[-89.4315402,43.077527301],[-89.4315212,43.077540201],[-89.4314872,43.077539601],[-89.431468,43.077524401],[-89.4314378,43.077546801],[-89.4314155,43.077563301],[-89.4313673,43.077562801],[-89.4313404,43.077572501],[-89.4313107,43.077585401],[-89.4312856,43.077598401],[-89.431261,43.077611901],[-89.4312371,43.077626101],[-89.4312139,43.077640801],[-89.4311914,43.077656101],[-89.4311695,43.077671901],[-89.4311795,43.077679901],[-89.4311607,43.077694201],[-89.4311336,43.077713801],[-89.4311152,43.077731901],[-89.4310938,43.077751401],[-89.4310743,43.077773001],[-89.4310537,43.077793601],[-89.4310352,43.077816001],[-89.4310438,43.077821001],[-89.4309938,43.077897401],[-89.4310367,43.077926201],[-89.4310764,43.077952901],[-89.4310333,43.078059301],[-89.4310547,43.078063901],[-89.4310273,43.078148801],[-89.4310065,43.078145701],[-89.4308912,43.078548201],[-89.4309804,43.078560801],[-89.4309816,43.078555301],[-89.431024,43.078562901],[-89.4310238,43.078550601],[-89.4311128,43.078567001],[-89.4311257,43.078535101],[-89.4311352,43.078536701],[-89.4311421,43.078537901],[-89.4311323,43.078569901],[-89.431174,43.078579601],[-89.4312028,43.078553001],[-89.431302,43.078572501],[-89.4313759,43.078321501],[-89.4314325,43.078325901],[-89.4314894,43.078328901],[-89.4315464,43.078330501],[-89.4316034,43.078330701],[-89.4316603,43.078329601],[-89.4317172,43.078327101],[-89.431774,43.078323201],[-89.4318305,43.078318001],[-89.4318773,43.078311701],[-89.4320254,43.078613001],[-89.4321456,43.078574801],[-89.4321469,43.078560701],[-89.4322347,43.078540601],[-89.4322176,43.078506701],[-89.4322361,43.078502601],[-89.4322488,43.078529301],[-89.4322834,43.078522701],[-89.4322844,43.078490101],[-89.4323932,43.078467801],[-89.4323694,43.078414201],[-89.4324517,43.078387901],[-89.4324783,43.078379401],[-89.4325836,43.078339201],[-89.4326848,43.078293701],[-89.4327692,43.078249801],[-89.4328499,43.078202301],[-89.4329136,43.078159801],[-89.4329263,43.078151201]]]},"properties":{"mapObjectId":"618","name":"Wisconsin Institutes for Medical Research","buildingNumber":"1485","streetAddress":"1111 Highland Ave.","description":null,"hours":null,"center":[-89.43177772800334,43.07804183708091],"footprintStatus":"full","officialMapUrl":"https://map.wisc.edu/?initObj=1485"}},{"type":"Feature","id":"547","geometry":{"type":"Polygon","coordinates":[[[-89.4218664,43.074315201],[-89.4218648,43.074306401],[-89.4218517,43.074296701],[-89.4218094,43.074297101],[-89.4218105,43.074166901],[-89.4215779,43.074164401],[-89.4215797,43.074187001],[-89.4214651,43.074187801],[-89.4214654,43.074214001],[-89.4213477,43.074214001],[-89.4213485,43.074242601],[-89.4212681,43.074243201],[-89.4212693,43.074260601],[-89.4212374,43.074260201],[-89.4212391,43.074341601],[-89.4212694,43.074341801],[-89.4212717,43.074411401],[-89.4210373,43.074412501],[-89.4210364,43.074496401],[-89.420955,43.074496201],[-89.420943,43.074506201],[-89.4209431,43.074526901],[-89.4209585,43.074533301],[-89.4209984,43.074533301],[-89.4209986,43.074618201],[-89.4210387,43.074618201],[-89.4210394,43.074675801],[-89.4213284,43.074675201],[-89.4213285,43.074680901],[-89.421343,43.074681001],[-89.4213506,43.074689701],[-89.4216204,43.074689401],[-89.421684,43.074689301],[-89.4216835,43.074660701],[-89.4216832,43.074640101],[-89.4216631,43.074640101],[-89.4216636,43.074617901],[-89.4217638,43.074617601],[-89.421777,43.074614001],[-89.4217836,43.074607601],[-89.4217852,43.074598501],[-89.4217804,43.074587001],[-89.421767,43.074581801],[-89.4217471,43.074581701],[-89.421745,43.074531601],[-89.4218177,43.074532401],[-89.4218177,43.074332701],[-89.421851,43.074332601],[-89.4218631,43.074326001],[-89.4218664,43.074315201]]]},"properties":{"mapObjectId":"547","name":"Wisconsin Veterinary Diagnostic Laboratory","buildingNumber":"0126","streetAddress":"445 Easterday Ln","description":null,"hours":null,"center":[-89.42145593392064,43.074451005744685],"footprintStatus":"full","officialMapUrl":"https://map.wisc.edu/?initObj=0126"}},{"type":"Feature","id":"722","geometry":{"type":"Polygon","coordinates":[[[-89.4209976,43.076653201],[-89.420489,43.076649001],[-89.4204494,43.076659801],[-89.4204405,43.076695501],[-89.4204188,43.076789601],[-89.4203892,43.076878001],[-89.4203539,43.076903001],[-89.4202947,43.076908701],[-89.4202499,43.076897001],[-89.4202235,43.076883401],[-89.420205,43.076858201],[-89.4201973,43.076794201],[-89.4201846,43.076737601],[-89.4201433,43.076696001],[-89.4200907,43.076663001],[-89.4200382,43.076649401],[-89.4191501,43.076637901],[-89.4191589,43.077073401],[-89.4190865,43.077074201],[-89.4190854,43.077445801],[-89.4202546,43.077453501],[-89.4203028,43.077437501],[-89.4203628,43.077380501],[-89.4204386,43.077323401],[-89.4205743,43.077255601],[-89.4207087,43.077214001],[-89.4208553,43.077194101],[-89.4209286,43.077186101],[-89.4209705,43.077166701],[-89.4209939,43.077127901],[-89.4209976,43.076653201]]]},"properties":{"mapObjectId":"722","name":"Bakke Recreation & Wellbeing Center","buildingNumber":"0081","streetAddress":"1976 Observatory Dr.","description":"The Bakke (bah-kee) Center features spaces dedicated to supporting wellbeing services (such as the Wolf Teaching kitchen, restorative studios, and rooms for massage therapy, peer wellness coaching, and meditation), as well as a 25-yard recreational pool, eight multipurpose courts, Sub-Zero Ice Center, a climbing and bouldering wall, sports simulators, multipurpose studios, an indoor jogging track, a rooftop fitness area, and over 29,000 square feet of fitness space.","hours":null,"center":[-89.4199771844343,43.077036057825275],"footprintStatus":"full","officialMapUrl":"https://map.wisc.edu/?initObj=0081"}},{"type":"Feature","id":"647","geometry":{"type":"Polygon","coordinates":[[[-89.4087903,43.072189401],[-89.4087794,43.071833601],[-89.408689,43.071837201],[-89.4086754,43.071837701],[-89.4086727,43.071826501],[-89.4085426,43.071824101],[-89.4084841,43.071819501],[-89.4084259,43.071811801],[-89.4083737,43.071802501],[-89.4083229,43.071791601],[-89.4082532,43.071773801],[-89.4081893,43.071754501],[-89.408107,43.071714601],[-89.4080407,43.071672501],[-89.4079829,43.071623601],[-89.4079398,43.071567901],[-89.4079063,43.071511801],[-89.4078807,43.071458201],[-89.4078658,43.071405901],[-89.4078652,43.071288801],[-89.4077668,43.071288901],[-89.4075747,43.071289101],[-89.4074985,43.071289101],[-89.40749,43.071800501],[-89.4075145,43.071800301],[-89.4075383,43.071800201],[-89.4075344,43.071975501],[-89.4076048,43.071998801],[-89.4076754,43.072022101],[-89.4077001,43.071982201],[-89.4077506,43.071998901],[-89.4077259,43.072038801],[-89.4086774,43.072367501],[-89.4086732,43.072291501],[-89.4086748,43.072186401],[-89.4087903,43.072189401]]]},"properties":{"mapObjectId":"647","name":"Union South","buildingNumber":"0088","streetAddress":"1308 W Dayton St","description":null,"hours":null,"center":[-89.40807376056726,43.07185606563247],"footprintStatus":"full","officialMapUrl":"https://map.wisc.edu/?initObj=0088"}},{"type":"Feature","id":"534","geometry":{"type":"Polygon","coordinates":[[[-89.4186671,43.078142301],[-89.4186289,43.078119701],[-89.4185131,43.078070501],[-89.4184939,43.078082701],[-89.4184331,43.078042201],[-89.4184522,43.078027701],[-89.4183923,43.077978401],[-89.4185152,43.077928701],[-89.418463,43.077848801],[-89.4183204,43.077893501],[-89.4182649,43.077817101],[-89.4182388,43.077738301],[-89.4182071,43.077736801],[-89.4182012,43.077661701],[-89.4182262,43.077661201],[-89.4182281,43.077523901],[-89.4181123,43.077524001],[-89.4180672,43.077512001],[-89.4180949,43.077461001],[-89.4180548,43.077449101],[-89.4180551,43.077424601],[-89.4180555,43.077400001],[-89.4179004,43.077398501],[-89.4177922,43.077404101],[-89.4176591,43.077429701],[-89.4175689,43.077440201],[-89.417408,43.077439101],[-89.417408,43.077445601],[-89.4173743,43.077445401],[-89.4173744,43.077438901],[-89.4171839,43.077437601],[-89.4171838,43.077446401],[-89.417073,43.077445701],[-89.4170722,43.077434501],[-89.4169769,43.077434601],[-89.4169761,43.077429601],[-89.4168945,43.077428601],[-89.4168884,43.077438301],[-89.4168381,43.077438501],[-89.4168306,43.077493601],[-89.4167823,43.077482901],[-89.4167533,43.077476501],[-89.4167303,43.077525501],[-89.4167212,43.077544801],[-89.4168856,43.077586401],[-89.4171016,43.077614101],[-89.4172224,43.077614101],[-89.4173304,43.077649301],[-89.4172854,43.077703301],[-89.4172673,43.077695301],[-89.4171674,43.077815201],[-89.4175027,43.077960301],[-89.4179107,43.078136901],[-89.4180571,43.077963101],[-89.4181091,43.077942401],[-89.4181788,43.078041501],[-89.4181955,43.078042401],[-89.4182082,43.078055201],[-89.4182064,43.078066601],[-89.4183183,43.078158601],[-89.4183353,43.078157501],[-89.4183508,43.078166301],[-89.4183506,43.078177201],[-89.418475,43.078240601],[-89.4184753,43.078259401],[-89.4185841,43.078278601],[-89.4186131,43.078213701],[-89.4186045,43.078202101],[-89.4186671,43.078142301]]]},"properties":{"mapObjectId":"534","name":"Dejope Residence Hall","buildingNumber":"0567","streetAddress":"640 Elm Drive","description":null,"hours":null,"center":[-89.41776736230737,43.07775001972469],"footprintStatus":"full","officialMapUrl":"https://map.wisc.edu/?initObj=0567"}},{"type":"Feature","id":"374","geometry":{"type":"Polygon","coordinates":[[[-89.4080042,43.077144801],[-89.4079694,43.077142601],[-89.407973,43.077112601],[-89.407637,43.077091301],[-89.4076383,43.077080301],[-89.4076424,43.077045901],[-89.4076382,43.077038101],[-89.4076284,43.077029701],[-89.4075983,43.077027901],[-89.4076101,43.076926701],[-89.4072955,43.076907101],[-89.4072991,43.076876201],[-89.4073002,43.076866501],[-89.4073068,43.076866901],[-89.4073213,43.076743001],[-89.4070482,43.076726001],[-89.4070494,43.076715301],[-89.4069766,43.076710701],[-89.4068962,43.076705701],[-89.4068947,43.076718601],[-89.4068758,43.076717401],[-89.4066244,43.076701501],[-89.40661,43.076823201],[-89.4066149,43.076823501],[-89.4066124,43.076844301],[-89.40661,43.076864001],[-89.4062933,43.076843501],[-89.4062814,43.076941201],[-89.4062619,43.076939901],[-89.4062507,43.076942301],[-89.4062362,43.076953101],[-89.406231,43.077002601],[-89.4059504,43.076986801],[-89.4059508,43.076983601],[-89.4059005,43.076980801],[-89.4058949,43.076982001],[-89.4058928,43.076985501],[-89.4058902,43.077008701],[-89.4058528,43.077006501],[-89.4058453,43.077074601],[-89.405881,43.077076701],[-89.4058779,43.077105501],[-89.406299,43.077130301],[-89.40631,43.077030301],[-89.4063118,43.077014701],[-89.40633,43.077015701],[-89.4063353,43.076968401],[-89.4066909,43.076989601],[-89.4066963,43.076989901],[-89.4067082,43.076884001],[-89.4068758,43.076894001],[-89.406874,43.076909401],[-89.4070238,43.076918601],[-89.4070256,43.076903201],[-89.4071948,43.076913701],[-89.4071818,43.077025701],[-89.407188,43.077026101],[-89.4075391,43.077047901],[-89.4075344,43.077088301],[-89.4075337,43.077094601],[-89.4075592,43.077096201],[-89.4075575,43.077109901],[-89.407546,43.077207701],[-89.4079599,43.077233701],[-89.4079631,43.077207301],[-89.4079965,43.077209401],[-89.4080042,43.077144801]]]},"properties":{"mapObjectId":"374","name":"Waters Residence Hall","buildingNumber":"0559","streetAddress":"1200 Observatory Dr.","description":null,"hours":null,"center":[-89.40694288799442,43.07694917047651],"footprintStatus":"full","officialMapUrl":"https://map.wisc.edu/?initObj=0559"}},{"type":"Feature","id":"546","geometry":{"type":"Polygon","coordinates":[[[-89.4006898,43.068946101],[-89.4006427,43.068945201],[-89.4006423,43.068912501],[-89.4004982,43.068911701],[-89.4004886,43.068898201],[-89.4004698,43.068884501],[-89.4004497,43.068877701],[-89.4004296,43.068876701],[-89.4004068,43.068879601],[-89.4003933,43.068890401],[-89.4003826,43.068903101],[-89.4003706,43.068928601],[-89.4003709,43.068949501],[-89.4003357,43.068949901],[-89.4003372,43.068856401],[-89.4002888,43.068856401],[-89.4002895,43.068809101],[-89.4003443,43.068809101],[-89.4003426,43.068602601],[-89.4002952,43.068602601],[-89.4002952,43.068572701],[-89.4002536,43.068572501],[-89.4002531,43.068559301],[-89.4001831,43.068557801],[-89.4001829,43.068570801],[-89.4001373,43.068571601],[-89.4001345,43.068597901],[-89.400084,43.068596501],[-89.400079,43.068807701],[-89.4001285,43.068807701],[-89.4001296,43.068854501],[-89.400079,43.068852701],[-89.4000789,43.069063501],[-89.4001275,43.069063401],[-89.4001272,43.069111001],[-89.4002873,43.069112801],[-89.4003062,43.069121901],[-89.400384,43.069121601],[-89.4003853,43.069065801],[-89.4004178,43.069065801],[-89.4004313,43.069065801],[-89.400431,43.069150201],[-89.4004812,43.069150401],[-89.4004801,43.069204201],[-89.4004313,43.069203401],[-89.4004327,43.069392101],[-89.4004258,43.069500501],[-89.4004696,43.069500901],[-89.4004703,43.069531701],[-89.4005119,43.069531701],[-89.4005122,43.069544101],[-89.4005632,43.069544501],[-89.400564,43.069531801],[-89.4006239,43.069531801],[-89.4006249,43.069508401],[-89.4006716,43.069509101],[-89.4006823,43.069204101],[-89.4006307,43.069204001],[-89.4006327,43.069155101],[-89.4006836,43.069155001],[-89.4006898,43.068946101]]]},"properties":{"mapObjectId":"546","name":"Smith Residence Hall","buildingNumber":"1079","streetAddress":"35 N. Park St.","description":null,"hours":null,"center":[-89.40039268946671,43.06903738975022],"footprintStatus":"full","officialMapUrl":"https://map.wisc.edu/?initObj=1079"}},{"type":"Feature","id":"539","geometry":{"type":"MultiPolygon","coordinates":[[[[-89.4277867,43.073528201],[-89.4274756,43.073550701],[-89.4274791,43.073576701],[-89.4273226,43.073588001],[-89.4273118,43.073508301],[-89.4274665,43.073497101],[-89.4274632,43.073472801],[-89.4277761,43.073450201],[-89.4277867,43.073528201]]],[[[-89.428639,43.074844901],[-89.4286313,43.075002001],[-89.4286087,43.075036401],[-89.4285612,43.075057601],[-89.4282801,43.075056201],[-89.4282807,43.074980201],[-89.4274356,43.074976301],[-89.4273592,43.074975901],[-89.4273621,43.074657201],[-89.4273631,43.074543601],[-89.4273659,43.074226601],[-89.4283596,43.074231301],[-89.4283576,43.074461701],[-89.4276846,43.074458501],[-89.427682,43.074743401],[-89.4286025,43.074745801],[-89.428639,43.074844901]]],[[[-89.4269488,43.073627101],[-89.426945,43.073876001],[-89.4267865,43.073874701],[-89.4267903,43.073625801],[-89.4269488,43.073627101]]],[[[-89.4265969,43.074202701],[-89.4264999,43.074306601],[-89.4264898,43.074301601],[-89.4264635,43.074288501],[-89.4264361,43.074318001],[-89.4263561,43.074278201],[-89.4263892,43.074242801],[-89.426366,43.074231301],[-89.426428,43.074164901],[-89.4264761,43.074188801],[-89.4265057,43.074157201],[-89.4265969,43.074202701]]],[[[-89.4265694,43.074020801],[-89.426559,43.074085601],[-89.4264338,43.074074801],[-89.4264443,43.074010001],[-89.4265694,43.074020801]]],[[[-89.4266621,43.075032101],[-89.4266613,43.075113901],[-89.4266211,43.075113701],[-89.4266178,43.075480101],[-89.4261519,43.075477801],[-89.4257718,43.075476001],[-89.4257746,43.075171301],[-89.4257164,43.075171001],[-89.4257185,43.074939001],[-89.4256126,43.074938501],[-89.4256146,43.074720501],[-89.4266246,43.074725301],[-89.4266218,43.075031901],[-89.4266621,43.075032101]]],[[[-89.427539,43.075059901],[-89.427539,43.075301101],[-89.4274171,43.075301101],[-89.4274171,43.075059901],[-89.4274356,43.075059901],[-89.427539,43.075059901]]],[[[-89.427407,43.075466101],[-89.427407,43.075948401],[-89.4273175,43.075948401],[-89.4273175,43.075927401],[-89.4272191,43.075927401],[-89.4272191,43.075466101],[-89.427407,43.075466101]]],[[[-89.4285249,43.075397001],[-89.4285076,43.076689601],[-89.4282437,43.076687701],[-89.428261,43.075395101],[-89.4285249,43.075397001]]],[[[-89.4281445,43.075514701],[-89.4281437,43.075651501],[-89.427521,43.075649501],[-89.4275218,43.075512701],[-89.4281445,43.075514701]]],[[[-89.430353,43.073581701],[-89.4294364,43.073551901],[-89.4294281,43.073688401],[-89.4301075,43.073710501],[-89.4301054,43.073745901],[-89.4301956,43.073748901],[-89.4301976,43.073715501],[-89.4303446,43.073720301],[-89.430353,43.073581701]]]]},"properties":{"mapObjectId":"539","name":"Forest Products Laboratory","buildingNumber":"0036","streetAddress":"One Gifford Pinchot Dr.","description":null,"hours":null,"center":[-89.42745369516626,43.07499979394272],"footprintStatus":"full","officialMapUrl":"https://map.wisc.edu/?initObj=0036"}},{"type":"Feature","id":"516","geometry":{"type":"Polygon","coordinates":[[[-89.4259704,43.073877301],[-89.4259303,43.073877201],[-89.4259305,43.073742001],[-89.4258812,43.073742001],[-89.4258813,43.073712501],[-89.4255847,43.073712301],[-89.4255846,43.073739801],[-89.4254347,43.073739701],[-89.4254336,43.074409101],[-89.4255633,43.074409201],[-89.4255633,43.074451501],[-89.4259066,43.074451801],[-89.4259069,43.074298101],[-89.4259697,43.074298101],[-89.4259704,43.073877301]],[[-89.4258116,43.073968101],[-89.4258093,43.074233801],[-89.4257968,43.074233701],[-89.425797,43.074206101],[-89.4257061,43.074205701],[-89.4257058,43.074233301],[-89.4256537,43.074233101],[-89.4256559,43.073967401],[-89.4258116,43.073968101]]]},"properties":{"mapObjectId":"516","name":"Cereal Crops Research Unit","buildingNumber":"0121","streetAddress":"502 Walnut St","description":null,"hours":null,"center":[-89.42569166825218,43.07407811208255],"footprintStatus":"full","officialMapUrl":"https://map.wisc.edu/?initObj=0121"}},{"type":"Feature","id":"426","geometry":{"type":"Polygon","coordinates":[[[-89.4167797,43.074602301],[-89.4167789,43.074507201],[-89.4167037,43.074507601],[-89.4167029,43.074404801],[-89.4164162,43.074406101],[-89.4164168,43.074469601],[-89.4163873,43.074469701],[-89.4163871,43.074445801],[-89.4161096,43.074447101],[-89.4161105,43.074553201],[-89.4160989,43.074553301],[-89.4160997,43.074646901],[-89.4162152,43.074646401],[-89.4162149,43.074612101],[-89.4163684,43.074611401],[-89.416368,43.074566401],[-89.4164163,43.074566201],[-89.4164166,43.074603901],[-89.4167797,43.074602301]]]},"properties":{"mapObjectId":"426","name":"Meat Science and Muscle Biology Lab","buildingNumber":"0123","streetAddress":"1805 Linden Dr.","description":null,"hours":null,"center":[-89.41642978530966,43.07452169136612],"footprintStatus":"full","officialMapUrl":"https://map.wisc.edu/?initObj=0123"}},{"type":"Feature","id":"370","geometry":{"type":"Polygon","coordinates":[[[-89.4187166,43.075112201],[-89.4183722,43.075108801],[-89.4183701,43.075223701],[-89.4183698,43.075239601],[-89.418288,43.075238801],[-89.4182884,43.075219701],[-89.4182402,43.075219201],[-89.4173438,43.075210301],[-89.4173303,43.075210401],[-89.4173292,43.075266501],[-89.4175573,43.075268701],[-89.4175569,43.075289401],[-89.4174996,43.075288801],[-89.4174819,43.075298401],[-89.4174766,43.075311001],[-89.4174826,43.075326501],[-89.4174988,43.075331301],[-89.4175561,43.075331901],[-89.4175553,43.075374801],[-89.4175544,43.075424001],[-89.4182803,43.075431101],[-89.4182819,43.075344101],[-89.4184234,43.075345501],[-89.4184368,43.075336401],[-89.418443,43.075324601],[-89.418438,43.075312901],[-89.4184257,43.075301601],[-89.418283,43.075300201],[-89.418283,43.075286701],[-89.4187133,43.075291001],[-89.4187166,43.075112201]]]},"properties":{"mapObjectId":"370","name":"U.S. Dairy Forage Research Center","buildingNumber":"0096","streetAddress":"1925 Linden Dr.","description":null,"hours":null,"center":[-89.41806685310046,43.075285267876716],"footprintStatus":"full","officialMapUrl":"https://map.wisc.edu/?initObj=0096"}},{"type":"Feature","id":"517","geometry":{"type":"Polygon","coordinates":[[[-89.4110754,43.076139401],[-89.4109083,43.076138701],[-89.4109087,43.076080601],[-89.4106252,43.076079501],[-89.4106232,43.076353201],[-89.4107398,43.076353701],[-89.4107384,43.076524801],[-89.410854,43.076525201],[-89.4108757,43.076542501],[-89.410898,43.076542601],[-89.4109189,43.076542701],[-89.4109345,43.076525501],[-89.4110727,43.076526101],[-89.4110729,43.076425901],[-89.4110737,43.076370901],[-89.4110754,43.076139401]]]},"properties":{"mapObjectId":"517","name":"King Hall","buildingNumber":"0074A","streetAddress":"1475 Observatory Dr.","description":null,"hours":null,"center":[-89.41086054664571,43.07629928937729],"footprintStatus":"full","officialMapUrl":"https://map.wisc.edu/?initObj=0074A"}},{"type":"Feature","id":"455","geometry":{"type":"Polygon","coordinates":[[[-89.4084762,43.074348001],[-89.4082832,43.074347001],[-89.408286,43.074063101],[-89.4082777,43.074063101],[-89.4082782,43.074017601],[-89.4081395,43.074016901],[-89.4081391,43.074063401],[-89.4081319,43.074063301],[-89.4081291,43.074344701],[-89.4079337,43.074343701],[-89.4079325,43.074468901],[-89.408475,43.074471701],[-89.4084762,43.074348001]]]},"properties":{"mapObjectId":"455","name":"School of Social Work Building","buildingNumber":"0453","streetAddress":"1350 University Ave.","description":null,"hours":null,"center":[-89.40820534127505,43.074312628453825],"footprintStatus":"full","officialMapUrl":"https://map.wisc.edu/?initObj=0453"}},{"type":"Feature","id":"478","geometry":{"type":"Polygon","coordinates":[[[-89.4038946,43.071200901],[-89.4037799,43.071199701],[-89.4037802,43.071181701],[-89.4037551,43.071181401],[-89.4037567,43.071095101],[-89.403451,43.071092001],[-89.4034498,43.071156501],[-89.4034093,43.071156101],[-89.4034101,43.071111201],[-89.4033608,43.071110701],[-89.4033596,43.071171901],[-89.4033588,43.071171901],[-89.4033584,43.071193501],[-89.4033124,43.071193001],[-89.4033093,43.071358701],[-89.4033471,43.071359001],[-89.403346,43.071415801],[-89.4033475,43.071415901],[-89.4033463,43.071480101],[-89.403517,43.071481801],[-89.4035163,43.071518901],[-89.4037474,43.071521201],[-89.4037479,43.071491401],[-89.4038598,43.071492501],[-89.4038605,43.071454801],[-89.4038029,43.071454201],[-89.4038035,43.071421201],[-89.4038905,43.071422101],[-89.4038946,43.071200901]]]},"properties":{"mapObjectId":"478","name":"Teacher Education","buildingNumber":"0153","streetAddress":"225 N. Mills St.","description":null,"hours":null,"center":[-89.4035993074876,43.0713080547704],"footprintStatus":"full","officialMapUrl":"https://map.wisc.edu/?initObj=0153"}},{"type":"Feature","id":"373","geometry":{"type":"Polygon","coordinates":[[[-89.4038562,43.071617401],[-89.4037194,43.071615701],[-89.4037199,43.071592801],[-89.4036462,43.071591901],[-89.4036458,43.071606301],[-89.4035569,43.071605201],[-89.4034063,43.071603301],[-89.403291,43.071601901],[-89.4032887,43.071703301],[-89.4032863,43.071803601],[-89.403285,43.071861201],[-89.4032678,43.071860901],[-89.4032667,43.071910001],[-89.4032955,43.071910401],[-89.4032952,43.071924701],[-89.4030767,43.071922001],[-89.4030825,43.071670301],[-89.4030761,43.071670201],[-89.4027171,43.071665801],[-89.4027162,43.071704401],[-89.4026995,43.071704201],[-89.4026985,43.071749801],[-89.4027159,43.071750001],[-89.4027151,43.071784601],[-89.4026133,43.071783301],[-89.4026081,43.072006601],[-89.4037698,43.072021001],[-89.4037821,43.072021201],[-89.4037821,43.072023901],[-89.4038492,43.072024801],[-89.4038504,43.071974401],[-89.4038478,43.071974401],[-89.403848,43.071965601],[-89.4038562,43.071617401]]]},"properties":{"mapObjectId":"373","name":"Educational Sciences","buildingNumber":"0154","streetAddress":"1025 W. Johnson St.","description":null,"hours":null,"center":[-89.40328789229113,43.07183249640019],"footprintStatus":"full","officialMapUrl":"https://map.wisc.edu/?initObj=0154"}},{"type":"Feature","id":"441","geometry":{"type":"Polygon","coordinates":[[[-89.4093507,43.074901501],[-89.4093499,43.074846801],[-89.4092594,43.074847101],[-89.4092594,43.074835601],[-89.4090126,43.074834201],[-89.4090111,43.074803101],[-89.4089935,43.074784101],[-89.4089936,43.074769701],[-89.40891,43.074769301],[-89.408912,43.074567001],[-89.4088948,43.074566901],[-89.4088952,43.074528601],[-89.4087356,43.074528001],[-89.4087351,43.074572101],[-89.4087204,43.074572001],[-89.4087179,43.074817801],[-89.4086819,43.074817701],[-89.408681,43.074904201],[-89.4086802,43.074985101],[-89.4089318,43.074986501],[-89.408932,43.074966501],[-89.4092597,43.074968301],[-89.4092597,43.074958701],[-89.4092669,43.074958801],[-89.40935,43.074959201],[-89.4093504,43.074929301],[-89.4093434,43.074929301],[-89.4093437,43.074901401],[-89.4093507,43.074901501]]]},"properties":{"mapObjectId":"441","name":"Nutritional Sciences","buildingNumber":"0449","streetAddress":"1415 Linden Dr.","description":null,"hours":null,"center":[-89.40892800625295,43.07481936455],"footprintStatus":"full","officialMapUrl":"https://map.wisc.edu/?initObj=0449"}},{"type":"Feature","id":"343","geometry":{"type":"Polygon","coordinates":[[[-89.3987255,43.076308501],[-89.3987238,43.076301801],[-89.398715,43.076294601],[-89.398705,43.076291601],[-89.398692,43.076292201],[-89.3986827,43.076296001],[-89.3986774,43.076302901],[-89.398621,43.076302201],[-89.3986215,43.076278601],[-89.3986245,43.076126501],[-89.3986295,43.076123901],[-89.3986422,43.076115401],[-89.398649,43.076105101],[-89.3986519,43.076094001],[-89.3986507,43.076082301],[-89.3986434,43.076071901],[-89.3986337,43.076063101],[-89.3986196,43.076055101],[-89.3986029,43.076053101],[-89.3985705,43.076051501],[-89.3985629,43.076051301],[-89.3985561,43.076053001],[-89.3984568,43.076051501],[-89.3983385,43.076051101],[-89.3983278,43.076047401],[-89.398273,43.076047801],[-89.3982589,43.076051201],[-89.3982485,43.076057701],[-89.3982388,43.076066901],[-89.3982308,43.076075501],[-89.3982318,43.076088101],[-89.3982331,43.076100201],[-89.3982379,43.076109501],[-89.3982467,43.076117901],[-89.3982575,43.076124401],[-89.3982564,43.076184301],[-89.3982505,43.076511701],[-89.3982503,43.076522801],[-89.3982501,43.076531301],[-89.3982382,43.076535901],[-89.398225,43.076549001],[-89.3982207,43.076560101],[-89.3982254,43.076568601],[-89.3982286,43.076576401],[-89.3982369,43.076582901],[-89.3982497,43.076587101],[-89.398264,43.076589401],[-89.3982794,43.076586201],[-89.3982921,43.076579901],[-89.3982994,43.076572201],[-89.3983067,43.076572301],[-89.3983085,43.076577501],[-89.3983137,43.076581601],[-89.3983221,43.076583401],[-89.3983308,43.076581901],[-89.3983368,43.076578001],[-89.3983398,43.076573001],[-89.3984124,43.076574401],[-89.3984149,43.076579701],[-89.3984207,43.076583401],[-89.3984282,43.076584801],[-89.3984369,43.076583101],[-89.398442,43.076579901],[-89.398444,43.076575101],[-89.3985212,43.076576601],[-89.398523,43.076581701],[-89.3985284,43.076585601],[-89.3985366,43.076587401],[-89.3985446,43.076585701],[-89.3985499,43.076582201],[-89.3985531,43.076577201],[-89.3985611,43.076577401],[-89.3985661,43.076585301],[-89.3985792,43.076592401],[-89.3985952,43.076594701],[-89.3986109,43.076592801],[-89.3986286,43.076584501],[-89.3986367,43.076575701],[-89.3986389,43.076561501],[-89.3986303,43.076546901],[-89.398614,43.076538501],[-89.3986177,43.076426501],[-89.3986628,43.076425901],[-89.3986721,43.076425701],[-89.398674,43.076429101],[-89.3986815,43.076435001],[-89.3986915,43.076438601],[-89.3987022,43.076438101],[-89.3987141,43.076433901],[-89.3987195,43.076429901],[-89.3987229,43.076421701],[-89.3987235,43.076413701],[-89.3987172,43.076406301],[-89.3987105,43.076401601],[-89.3987066,43.076398901],[-89.3987076,43.076331101],[-89.3987129,43.076328701],[-89.3987199,43.076324101],[-89.3987247,43.076316401],[-89.3987255,43.076308501]]]},"properties":{"mapObjectId":"343","name":"Armory and Gymnasium (Red Gym)","buildingNumber":"0020","streetAddress":"716 Langdon St.","description":null,"hours":null,"center":[-89.39845049122404,43.07631796199038],"footprintStatus":"full","officialMapUrl":"https://map.wisc.edu/?initObj=0020"}},{"type":"Feature","id":"347","geometry":{"type":"Polygon","coordinates":[[[-89.4023942,43.073457701],[-89.402028,43.073455201],[-89.4020262,43.073600401],[-89.4020626,43.073600701],[-89.402186,43.073601501],[-89.4021836,43.073679301],[-89.4021841,43.073756201],[-89.4020626,43.073755401],[-89.4020249,43.073755201],[-89.4020239,43.073836801],[-89.4020231,43.073898301],[-89.4023395,43.073900401],[-89.4023887,43.073900801],[-89.4023942,43.073457701]]]},"properties":{"mapObjectId":"347","name":"Barnard Residence Hall","buildingNumber":"0560","streetAddress":"970 University Ave.","description":null,"hours":null,"center":[-89.40222699941677,43.07367782597888],"footprintStatus":"full","officialMapUrl":"https://map.wisc.edu/?initObj=0560"}},{"type":"Feature","id":"348","geometry":{"type":"Polygon","coordinates":[[[-89.4048721,43.075071901],[-89.4045262,43.075032001],[-89.4045293,43.075017301],[-89.4044654,43.075009901],[-89.4044665,43.075005001],[-89.4043671,43.074993701],[-89.4043687,43.074986201],[-89.4042296,43.074970401],[-89.4042161,43.074968901],[-89.4042146,43.074976401],[-89.4041105,43.074963501],[-89.4041095,43.074969201],[-89.4040481,43.074962201],[-89.404024,43.075080501],[-89.4040826,43.075086401],[-89.4040693,43.075144701],[-89.4040585,43.075143601],[-89.4040572,43.075151601],[-89.4040564,43.075160601],[-89.4040537,43.075172701],[-89.4040527,43.075179001],[-89.4040651,43.075180101],[-89.4040526,43.075238801],[-89.4040151,43.075234501],[-89.4040039,43.075287001],[-89.4039496,43.075281001],[-89.4039372,43.075279301],[-89.4039217,43.075277501],[-89.4039061,43.075275801],[-89.4039029,43.075291201],[-89.4038923,43.075339801],[-89.4038827,43.075388701],[-89.4038796,43.075403101],[-89.4038992,43.075405701],[-89.4039116,43.075407101],[-89.4039241,43.075408801],[-89.4039779,43.075414401],[-89.4039672,43.075468801],[-89.4040029,43.075472501],[-89.4039912,43.075532201],[-89.4039805,43.075531001],[-89.4039793,43.075536701],[-89.4039774,43.075546801],[-89.4039755,43.075561101],[-89.4039838,43.075563001],[-89.4039686,43.075618701],[-89.4039048,43.075613501],[-89.4038765,43.075728001],[-89.4039402,43.075733201],[-89.4039402,43.075738401],[-89.4040396,43.075748901],[-89.4040395,43.075759301],[-89.4041956,43.075774901],[-89.4041956,43.075769701],[-89.4042949,43.075780101],[-89.404302,43.075774901],[-89.4043659,43.075780101],[-89.4043659,43.075759301],[-89.404373,43.075759301],[-89.4043943,43.075650101],[-89.4043872,43.075650101],[-89.4043943,43.075624001],[-89.4041744,43.075603201],[-89.4041994,43.075495201],[-89.4042434,43.075499501],[-89.4042444,43.075494901],[-89.4043312,43.075505301],[-89.4043386,43.075475201],[-89.404574,43.075501001],[-89.4045719,43.075511501],[-89.4047936,43.075535101],[-89.4048133,43.075444801],[-89.4048253,43.075389101],[-89.4048331,43.075350201],[-89.4048153,43.075348701],[-89.4048163,43.075331901],[-89.4048464,43.075177401],[-89.4048678,43.075077501],[-89.4048721,43.075071901]],[[-89.4046623,43.075180701],[-89.4046291,43.075323001],[-89.4046118,43.075321101],[-89.4046083,43.075333101],[-89.4043766,43.075309501],[-89.4043835,43.075281401],[-89.4042953,43.075271401],[-89.4042947,43.075264501],[-89.4042585,43.075260301],[-89.4042803,43.075148601],[-89.4044984,43.075172901],[-89.4045001,43.075165101],[-89.4046623,43.075180701]]]},"properties":{"mapObjectId":"348","name":"Bascom Hall","buildingNumber":"0050","streetAddress":"500 Lincoln Dr.","description":null,"hours":null,"center":[-89.40433580443906,43.07534639770641],"footprintStatus":"full","officialMapUrl":"https://map.wisc.edu/?initObj=0050"}},{"type":"Feature","id":"436","geometry":{"type":"Polygon","coordinates":[[[-89.4016639,43.074499301],[-89.401472,43.074498201],[-89.4014661,43.074498101],[-89.4014657,43.074534401],[-89.401431,43.074534201],[-89.4013896,43.074534001],[-89.4013864,43.074527801],[-89.4013031,43.074527401],[-89.4011923,43.074526901],[-89.4011542,43.074526701],[-89.4011541,43.074533801],[-89.4011442,43.074533801],[-89.4011116,43.074533601],[-89.4011114,43.074550101],[-89.4011113,43.074564101],[-89.4011001,43.074564101],[-89.401099,43.074683401],[-89.4010887,43.074683401],[-89.4010881,43.074739401],[-89.4011073,43.074739501],[-89.401125,43.074739601],[-89.401144,43.074739701],[-89.4012488,43.074740201],[-89.4012653,43.074740301],[-89.4012845,43.074740401],[-89.4013896,43.074741001],[-89.4013899,43.074706201],[-89.4014542,43.074706601],[-89.4014542,43.074712001],[-89.4015456,43.074712501],[-89.4015588,43.074712601],[-89.4015758,43.074712701],[-89.4016616,43.074713201],[-89.4016639,43.074499301]]]},"properties":{"mapObjectId":"436","name":"Music Hall","buildingNumber":"0485","streetAddress":"925 Bascom Mall","description":null,"hours":null,"center":[-89.40138038145126,43.07462310866844],"footprintStatus":"full","officialMapUrl":"https://map.wisc.edu/?initObj=0485"}},{"type":"Feature","id":"354","geometry":{"type":"Polygon","coordinates":[[[-89.4044634,43.074245601],[-89.4042665,43.074224501],[-89.404237,43.074371301],[-89.4041305,43.074359901],[-89.4041372,43.074326701],[-89.4040744,43.074320001],[-89.4040691,43.074346401],[-89.4040968,43.074349401],[-89.40408,43.074433401],[-89.4042136,43.074447601],[-89.4042119,43.074456101],[-89.4041629,43.074450901],[-89.4041555,43.074487901],[-89.4039103,43.074461801],[-89.4039118,43.074454301],[-89.4038711,43.074450001],[-89.4038723,43.074444101],[-89.4038635,43.074443201],[-89.4038756,43.074382301],[-89.4038787,43.074366901],[-89.4038053,43.074294501],[-89.4036868,43.074284501],[-89.4035879,43.074332901],[-89.4035856,43.074344301],[-89.4035488,43.074340301],[-89.4035317,43.074338501],[-89.4035358,43.074318001],[-89.4035176,43.074316101],[-89.4035244,43.074282001],[-89.4034912,43.074278401],[-89.4035056,43.074206001],[-89.4034956,43.074204901],[-89.4034969,43.074198801],[-89.4033433,43.074182401],[-89.4033421,43.074188301],[-89.4033323,43.074187301],[-89.403321,43.074243401],[-89.4032723,43.074238201],[-89.4032707,43.074246201],[-89.4032598,43.074245001],[-89.403236,43.074363201],[-89.4032456,43.074364301],[-89.403244,43.074371901],[-89.403274,43.074375201],[-89.4032716,43.074386701],[-89.4032693,43.074398101],[-89.4032625,43.074397401],[-89.4032375,43.074520101],[-89.4034975,43.074548301],[-89.4034957,43.074557201],[-89.4035397,43.074562001],[-89.4035382,43.074569401],[-89.4038317,43.074601301],[-89.4038337,43.074591501],[-89.4038758,43.074596001],[-89.4038776,43.074587601],[-89.4041431,43.074616201],[-89.404146,43.074601701],[-89.4041716,43.074604501],[-89.4041902,43.074606501],[-89.4041921,43.074597101],[-89.4042034,43.074598301],[-89.4043886,43.074618201],[-89.4043906,43.074608101],[-89.404394,43.074591601],[-89.4044454,43.074335101],[-89.4044474,43.074325401],[-89.4044634,43.074245601]]]},"properties":{"mapObjectId":"354","name":"Birge Hall","buildingNumber":"0054","streetAddress":"430 Lincoln Dr.","description":null,"hours":null,"center":[-89.40382960029869,43.07443071706577],"footprintStatus":"full","officialMapUrl":"https://map.wisc.edu/?initObj=0054"}},{"type":"Feature","id":"358","geometry":{"type":"Polygon","coordinates":[[[-89.4050988,43.076089701],[-89.4050561,43.076085201],[-89.4050158,43.076081001],[-89.4050035,43.076143101],[-89.4050866,43.076151901],[-89.4050988,43.076089701]]]},"properties":{"mapObjectId":"358","name":"Carillon Tower","buildingNumber":"0487","streetAddress":"1160 Observatory Dr.","description":"The Carillon Tower is 85 feet high and houses 56 bronze bells. This carillon is one of three in Wisconsin. Visitors may climb the tower during the free concerts, held on Sundays at 3 p.m. during the academic year.","hours":null,"center":[-89.4050511844085,43.07611642794259],"footprintStatus":"full","officialMapUrl":"https://map.wisc.edu/?initObj=0487"}},{"type":"Feature","id":"360","geometry":{"type":"Polygon","coordinates":[[[-89.4015886,43.073766301],[-89.4015518,43.073766001],[-89.4015519,43.073754701],[-89.4013809,43.073753501],[-89.4013808,43.073764301],[-89.4013522,43.073764101],[-89.4013196,43.073750301],[-89.4013349,43.073730901],[-89.4013508,43.073737601],[-89.4013711,43.073711901],[-89.4012673,43.073668001],[-89.4012475,43.073693001],[-89.4012613,43.073698901],[-89.4012456,43.073718701],[-89.4012216,43.073708601],[-89.4012104,43.073693801],[-89.4012225,43.073688901],[-89.4011426,43.073583201],[-89.4011295,43.073565901],[-89.4011168,43.073571101],[-89.401102,43.073551601],[-89.4010102,43.073588701],[-89.4010133,43.073592801],[-89.4010194,43.073600801],[-89.4010253,43.073608601],[-89.4009959,43.073620501],[-89.4009758,43.073628601],[-89.4010777,43.073763301],[-89.4010774,43.073790301],[-89.4010096,43.073789801],[-89.4010094,43.073811301],[-89.4010091,43.073835601],[-89.4010763,43.073836101],[-89.401076,43.073861401],[-89.400973,43.073991101],[-89.4010215,43.074011701],[-89.4010336,43.074016801],[-89.401023,43.074024501],[-89.4010099,43.074041501],[-89.4010965,43.074077301],[-89.4012182,43.073920001],[-89.4013443,43.073868301],[-89.4015519,43.073869801],[-89.4015524,43.073830401],[-89.4015877,43.073830701],[-89.4015886,43.073766301]]]},"properties":{"mapObjectId":"360","name":"Chadbourne Residence Hall","buildingNumber":"0557","streetAddress":"420 N. Park St.","description":null,"hours":null,"center":[-89.40121067983512,43.07380625427833],"footprintStatus":"full","officialMapUrl":"https://map.wisc.edu/?initObj=0557"}},{"type":"Feature","id":"372","geometry":{"type":"Polygon","coordinates":[[[-89.4026277,43.075549801],[-89.4024298,43.075548001],[-89.4024296,43.075563401],[-89.4023605,43.075562801],[-89.4023109,43.075562301],[-89.402249,43.075561801],[-89.4021667,43.075561101],[-89.402167,43.075545601],[-89.401969,43.075543901],[-89.401966,43.075726001],[-89.4019797,43.075726101],[-89.4019793,43.075751901],[-89.4019751,43.076001901],[-89.4021564,43.076003101],[-89.4021593,43.075912401],[-89.4022055,43.075913501],[-89.4022902,43.075912801],[-89.4023609,43.075914601],[-89.4024192,43.075915101],[-89.402419,43.075927701],[-89.4024796,43.075928201],[-89.4026048,43.075929401],[-89.4026079,43.075740301],[-89.4026245,43.075740401],[-89.4026277,43.075549801]]]},"properties":{"mapObjectId":"372","name":"Education Building","buildingNumber":"0400","streetAddress":"1000 Bascom Mall","description":null,"hours":null,"center":[-89.40228182049746,43.075747811368835],"footprintStatus":"full","officialMapUrl":"https://map.wisc.edu/?initObj=0400"}},{"type":"Feature","id":"481","geometry":{"type":"Polygon","coordinates":[[[-89.40738,43.075535301],[-89.4068813,43.075531801],[-89.4068825,43.075435701],[-89.4068544,43.075435501],[-89.4068564,43.075281001],[-89.4067466,43.075280501],[-89.4067382,43.075280401],[-89.4067379,43.075301101],[-89.4066715,43.075300301],[-89.4066479,43.075300201],[-89.4065129,43.075299101],[-89.4064897,43.075298901],[-89.4064381,43.075299401],[-89.4064102,43.075299301],[-89.4064031,43.075299701],[-89.4064029,43.075315101],[-89.4064027,43.075346601],[-89.4064018,43.075567701],[-89.4064006,43.075584201],[-89.4064081,43.075686701],[-89.4065654,43.075685801],[-89.4065633,43.075842501],[-89.4065879,43.075842601],[-89.4065876,43.075860901],[-89.4066199,43.075861201],[-89.4066196,43.075879401],[-89.4067732,43.075880701],[-89.4067735,43.075862501],[-89.406798,43.075862701],[-89.4068,43.075737801],[-89.4073774,43.075741801],[-89.40738,43.075535301]]]},"properties":{"mapObjectId":"481","name":"Van Hise Hall","buildingNumber":"0482","streetAddress":"1220 Linden Dr.","description":null,"hours":null,"center":[-89.4067986416194,43.075577164154005],"footprintStatus":"full","officialMapUrl":"https://map.wisc.edu/?initObj=0482"}},{"type":"Feature","id":"472","geometry":{"type":"Polygon","coordinates":[[[-89.4059708,43.074348801],[-89.4056147,43.074346101],[-89.4055755,43.074345801],[-89.4055291,43.074345501],[-89.4055293,43.074330801],[-89.405285,43.074329001],[-89.4052847,43.074349101],[-89.4048382,43.074345901],[-89.4048372,43.074421401],[-89.4048363,43.074489501],[-89.404991,43.074490601],[-89.4052944,43.074492801],[-89.4052943,43.074502901],[-89.4053034,43.074502001],[-89.4053449,43.074502401],[-89.40575,43.074505901],[-89.4057496,43.074535701],[-89.4057494,43.074547001],[-89.4057493,43.074559701],[-89.4057471,43.074739801],[-89.4055876,43.074738801],[-89.4055875,43.074748501],[-89.4055873,43.074762301],[-89.4055856,43.074898701],[-89.4055958,43.074898801],[-89.4057441,43.074899701],[-89.4057473,43.074909501],[-89.4059628,43.074911101],[-89.4059636,43.074850701],[-89.405967,43.074630401],[-89.4059708,43.074348801]]]},"properties":{"mapObjectId":"472","name":"Sterling Hall","buildingNumber":"0057","streetAddress":"475 N. Charter St.","description":null,"hours":null,"center":[-89.40557233311937,43.07454356672807],"footprintStatus":"full","officialMapUrl":"https://map.wisc.edu/?initObj=0057"}},{"type":"Feature","id":"375","geometry":{"type":"Polygon","coordinates":[[[-89.3996779,43.073678501],[-89.3991783,43.073667001],[-89.3991747,43.073793701],[-89.3991699,43.074132901],[-89.3991799,43.074133101],[-89.3993363,43.074135901],[-89.3994004,43.074137101],[-89.3994871,43.074138601],[-89.3996419,43.074141301],[-89.3996687,43.074141801],[-89.3996779,43.073678501]]]},"properties":{"mapObjectId":"375","name":"Conrad A. Elvehjem Building","buildingNumber":"0544","streetAddress":"800 University Ave.","description":null,"hours":null,"center":[-89.39942313794744,43.07390494123385],"footprintStatus":"full","officialMapUrl":"https://map.wisc.edu/?initObj=0544"}},{"type":"Feature","id":"417","geometry":{"type":"Polygon","coordinates":[[[-89.4028382,43.074723601],[-89.4026054,43.074697501],[-89.4026493,43.074482201],[-89.4027247,43.074490801],[-89.4027614,43.074326401],[-89.4026278,43.074312501],[-89.4026003,43.074309701],[-89.4025748,43.074307601],[-89.4024728,43.074298101],[-89.4024534,43.074379001],[-89.4024098,43.074381601],[-89.4023558,43.074384301],[-89.4023513,43.074194301],[-89.4022996,43.074194301],[-89.4023008,43.074281201],[-89.4017661,43.074281901],[-89.4017651,43.074478601],[-89.4018683,43.074478101],[-89.4018686,43.074492901],[-89.40187,43.074723601],[-89.402024,43.074720101],[-89.4020245,43.074806301],[-89.4020738,43.074806401],[-89.402074,43.074832801],[-89.402075,43.074848601],[-89.4022252,43.074847801],[-89.4023662,43.074848001],[-89.4025833,43.074848301],[-89.4025826,43.074811701],[-89.4028153,43.074836801],[-89.4028382,43.074723601]]]},"properties":{"mapObjectId":"417","name":"Law Building","buildingNumber":"0430","streetAddress":"975 Bascom Mall","description":null,"hours":null,"center":[-89.40227888466082,43.07455253245244],"footprintStatus":"full","officialMapUrl":"https://map.wisc.edu/?initObj=0430"}},{"type":"Feature","id":"416","geometry":{"type":"Polygon","coordinates":[[[-89.4034909,43.073579101],[-89.403289,43.073577001],[-89.4032887,43.073595001],[-89.4031386,43.073593501],[-89.4030605,43.073592401],[-89.4030221,43.073592001],[-89.4029799,43.073591501],[-89.4027479,43.073589501],[-89.4027483,43.073569701],[-89.4025457,43.073567601],[-89.4025441,43.073652801],[-89.4025413,43.073795501],[-89.4027357,43.073797501],[-89.4027361,43.073776901],[-89.4029279,43.073778901],[-89.402927,43.073825901],[-89.4030044,43.073826701],[-89.4030929,43.073827601],[-89.4030938,43.073782001],[-89.4032866,43.073784001],[-89.4032862,43.073806201],[-89.4034865,43.073808201],[-89.4034909,43.073579101]]]},"properties":{"mapObjectId":"416","name":"Lathrop Hall","buildingNumber":"0032","streetAddress":"1050 University Ave.","description":null,"hours":null,"center":[-89.40301673496198,43.07369127109724],"footprintStatus":"full","officialMapUrl":"https://map.wisc.edu/?initObj=0032"}},{"type":"Feature","id":"467","geometry":{"type":"Polygon","coordinates":[[[-89.4032349,43.074648301],[-89.4030741,43.074631501],[-89.4030131,43.074943001],[-89.4030224,43.074944001],[-89.4031578,43.074958101],[-89.4031739,43.074959801],[-89.4032349,43.074648301]]]},"properties":{"mapObjectId":"467","name":"South Hall","buildingNumber":"0051","streetAddress":"1055 Bascom Mall","description":null,"hours":null,"center":[-89.4031239977674,43.07479565246634],"footprintStatus":"full","officialMapUrl":"https://map.wisc.edu/?initObj=0051"}},{"type":"Feature","id":"450","geometry":{"type":"Polygon","coordinates":[[[-89.3982309,43.076159601],[-89.3982162,43.076075001],[-89.39821,43.076023701],[-89.398049,43.076019901],[-89.3979924,43.076019601],[-89.3979346,43.076019301],[-89.3979078,43.076017601],[-89.3978663,43.076017601],[-89.3978663,43.075982001],[-89.3978663,43.075972601],[-89.397744,43.075970501],[-89.3975345,43.075966901],[-89.397534,43.075972701],[-89.3974863,43.075972301],[-89.3974854,43.076006601],[-89.3974752,43.076006201],[-89.3974711,43.076295401],[-89.3974517,43.076295801],[-89.3974516,43.076299701],[-89.3974505,43.076330701],[-89.3974486,43.076388401],[-89.3974476,43.076417001],[-89.3974463,43.076456801],[-89.3974652,43.076457301],[-89.3974617,43.076533101],[-89.3974683,43.076533701],[-89.3974672,43.076558101],[-89.3974996,43.076558601],[-89.3974997,43.076562101],[-89.397728,43.076565201],[-89.3977277,43.076594501],[-89.397754,43.076595401],[-89.3978088,43.076596101],[-89.397827,43.076596301],[-89.3980378,43.076599001],[-89.3980396,43.076574801],[-89.3980415,43.076550101],[-89.3980509,43.076176501],[-89.3982309,43.076159601]]]},"properties":{"mapObjectId":"450","name":"Pyle Center","buildingNumber":"0006","streetAddress":"702 Langdon St.","description":null,"hours":null,"center":[-89.39778056817491,43.076272112872935],"footprintStatus":"full","officialMapUrl":"https://map.wisc.edu/?initObj=0006"}},{"type":"Feature","id":"457","geometry":{"type":"Polygon","coordinates":[[[-89.4013977,43.075589601],[-89.4009155,43.075586601],[-89.4009112,43.075717001],[-89.4009733,43.075719001],[-89.4009711,43.075799001],[-89.4009186,43.075798001],[-89.4009174,43.075835701],[-89.4009165,43.075855601],[-89.4009159,43.075881101],[-89.4009147,43.075898201],[-89.4009139,43.075936401],[-89.4009675,43.075937601],[-89.4009649,43.076016901],[-89.4009038,43.076017101],[-89.4009033,43.076072401],[-89.4009028,43.076081201],[-89.4009014,43.076090801],[-89.4008997,43.076147701],[-89.4013813,43.076154001],[-89.4013857,43.076042701],[-89.4013865,43.076021701],[-89.401385,43.076007201],[-89.4013746,43.075997901],[-89.4013593,43.075992901],[-89.4013399,43.075997101],[-89.4013258,43.076006201],[-89.4013221,43.076019501],[-89.4011066,43.076015001],[-89.4011082,43.075952001],[-89.4011692,43.075953201],[-89.4011916,43.075931601],[-89.401193,43.075905901],[-89.4011939,43.075865201],[-89.4011947,43.075825101],[-89.4011945,43.075800501],[-89.4011744,43.075784001],[-89.4010992,43.075782601],[-89.4011021,43.075715701],[-89.4012979,43.075718701],[-89.4013269,43.075719101],[-89.401329,43.075732201],[-89.4013351,43.075742901],[-89.4013488,43.075748901],[-89.4013645,43.075749201],[-89.4013744,43.075747901],[-89.4013845,43.075741801],[-89.4013883,43.075736201],[-89.4013928,43.075729101],[-89.4013955,43.075720201],[-89.4013977,43.075589601]]]},"properties":{"mapObjectId":"457","name":"Science Hall","buildingNumber":"0053","streetAddress":"550 N. Park St.","description":"Beginning in June 2026, in advance of the upcoming Science Hall renovation, Geography faculty, staff, and graduate student offices, including the Robinson Map Library, Cartography Lab, and State Cartographer’s Office, will be located in the Computer Sciences building . Labs will be located in the Medical Sciences Center .","hours":null,"center":[-89.40112082943268,43.07587034344111],"footprintStatus":"full","officialMapUrl":"https://map.wisc.edu/?initObj=0053"}},{"type":"Feature","id":"488","geometry":{"type":"Polygon","coordinates":[[[-89.4023033,43.077052201],[-89.4020123,43.077037901],[-89.4020139,43.077020701],[-89.4019232,43.077016301],[-89.4019216,43.077033401],[-89.401444,43.077010001],[-89.4014382,43.077084101],[-89.4014309,43.077152601],[-89.4022902,43.077194801],[-89.4023033,43.077052201]]]},"properties":{"mapObjectId":"488","name":"Water Science and Engineering Laboratory","buildingNumber":"0403","streetAddress":"660 N. Park St.","description":null,"hours":null,"center":[-89.40186860397564,43.077101457245796],"footprintStatus":"full","officialMapUrl":"https://map.wisc.edu/?initObj=0403"}},{"type":"Feature","id":"427","geometry":{"type":"Polygon","coordinates":[[[-89.4128878,43.072423101],[-89.4127045,43.072421201],[-89.4127054,43.072375801],[-89.4122058,43.072370801],[-89.4122049,43.072416201],[-89.4120229,43.072414301],[-89.4120207,43.072512701],[-89.4120168,43.072756601],[-89.4120095,43.073124801],[-89.4121531,43.073126301],[-89.4121525,43.073156601],[-89.4122205,43.073157301],[-89.4126557,43.073161701],[-89.4127262,43.073162401],[-89.4127267,43.073131901],[-89.4128743,43.073133401],[-89.4128781,43.072974901],[-89.412878,43.072945701],[-89.4128878,43.072423101]]]},"properties":{"mapObjectId":"427","name":"Mechanical Engineering Building","buildingNumber":"0407","streetAddress":"1513 University Ave.","description":null,"hours":null,"center":[-89.41244870446849,43.07277068567592],"footprintStatus":"full","officialMapUrl":"https://map.wisc.edu/?initObj=0407"}},{"type":"Feature","id":"528","geometry":{"type":"Polygon","coordinates":[[[-89.4072308,43.069031401],[-89.4072304,43.068941101],[-89.4072214,43.068933601],[-89.4072215,43.068897101],[-89.4068472,43.068896401],[-89.4068474,43.068820401],[-89.4065608,43.068819901],[-89.4065303,43.068819801],[-89.4065302,43.068853601],[-89.4064627,43.068853501],[-89.4064628,43.068820701],[-89.4064265,43.068820601],[-89.4064265,43.068854401],[-89.4063895,43.068854501],[-89.4063896,43.068913101],[-89.4058872,43.068913501],[-89.4058876,43.069139701],[-89.4058976,43.069139701],[-89.4060921,43.069139501],[-89.4060921,43.069171101],[-89.4061861,43.069171001],[-89.4061861,43.069186601],[-89.4063674,43.069186001],[-89.4063671,43.069139201],[-89.4069043,43.069137501],[-89.4072226,43.069073001],[-89.4072222,43.069036401],[-89.4072308,43.069031401]]]},"properties":{"mapObjectId":"528","name":"1220 Capitol Court (Primate Annex)","buildingNumber":"0782","streetAddress":"1220 Capitol Ct.","description":null,"hours":null,"center":[-89.40654551171554,43.06900789442706],"footprintStatus":"full","officialMapUrl":"https://map.wisc.edu/?initObj=0782"}},{"type":"Feature","id":"739","geometry":{"type":"Polygon","coordinates":[[[-89.398464387,43.072536285],[-89.398467289,43.072172715],[-89.398180123,43.072170607],[-89.398181047,43.072534091],[-89.398464387,43.072536285],[-89.398464387,43.072536285]]]},"properties":{"mapObjectId":"739","name":"724 W. Johnson St.","buildingNumber":"1094","streetAddress":"724 W. Johnson St.","description":"The location for the Office of Student Conduct and Community Standards in Student Affairs.","hours":null,"center":[-89.39832322005121,43.07235301827461],"footprintStatus":"partial","officialMapUrl":"https://map.wisc.edu/?initObj=1094"}},{"type":"Feature","id":"376","geometry":{"type":"Polygon","coordinates":[[[-89.4137659,43.072374501],[-89.4137334,43.072368301],[-89.4137319,43.072311301],[-89.4133398,43.072306801],[-89.4133151,43.072312201],[-89.413138,43.072285601],[-89.413108,43.072287601],[-89.4131117,43.072340401],[-89.4130978,43.072341401],[-89.4130987,43.072393001],[-89.4131155,43.072393201],[-89.4131186,43.072437101],[-89.4130974,43.072437901],[-89.4130842,43.072947301],[-89.4130836,43.072978101],[-89.4130789,43.073162001],[-89.4131736,43.073167101],[-89.4132756,43.073168201],[-89.4133791,43.073161401],[-89.4134941,43.073147201],[-89.4135655,43.073133501],[-89.4136506,43.073115501],[-89.4137525,43.073084401],[-89.4137659,43.072374501]]]},"properties":{"mapObjectId":"376","name":"Engineering Centers Building","buildingNumber":"0481","streetAddress":"1550 Engineering Dr.","description":null,"hours":null,"center":[-89.41341764133341,43.072728717607276],"footprintStatus":"full","officialMapUrl":"https://map.wisc.edu/?initObj=0481"}},{"type":"Feature","id":"734","geometry":{"type":"Polygon","coordinates":[[[-89.4023395,43.073900401],[-89.4020231,43.073898301],[-89.4020239,43.073836801],[-89.4018642,43.073836001],[-89.4018656,43.073758701],[-89.4016301,43.073754701],[-89.4016299,43.073760601],[-89.4015881,43.073759901],[-89.4015886,43.073766301],[-89.4015877,43.073830701],[-89.4015524,43.073830401],[-89.4015519,43.073869801],[-89.4015425,43.074055901],[-89.4016263,43.074056401],[-89.4016261,43.074070001],[-89.4018613,43.074071601],[-89.4018614,43.074062401],[-89.4020874,43.074063901],[-89.4021418,43.074064301],[-89.4021417,43.074071301],[-89.4023373,43.074072601],[-89.4023395,43.073900401]]]},"properties":{"mapObjectId":"734","name":"Rheta’s Market","buildingNumber":"0562","streetAddress":"970 University Ave.","description":"Rheta’s Market is a large dining marketplace equipped with eight different stations. Rheta’s offers customers a wide variety of meals and snacks. The dining area includes an assortment of seating options for secluded study breaks and tables to share with floor mates.","hours":null,"center":[-89.40189342733849,43.073942431825145],"footprintStatus":"full","officialMapUrl":"https://map.wisc.edu/?initObj=0562"}},{"type":"Feature","id":"344","geometry":{"type":"Polygon","coordinates":[[[-89.407138,43.070646201],[-89.4071143,43.070645801],[-89.4071152,43.070614301],[-89.4070291,43.070613101],[-89.4070299,43.070580201],[-89.4068442,43.070577601],[-89.4068434,43.070607901],[-89.4067632,43.070606801],[-89.4067625,43.070634901],[-89.4067371,43.070634501],[-89.4067346,43.070730301],[-89.406732,43.070826901],[-89.4067574,43.070827301],[-89.4067566,43.070858301],[-89.4068366,43.070859401],[-89.4068358,43.070892001],[-89.4070215,43.070894701],[-89.4070224,43.070862101],[-89.4071085,43.070863301],[-89.4071093,43.070832301],[-89.4071331,43.070832601],[-89.407138,43.070646201]]]},"properties":{"mapObjectId":"344","name":"Atmospheric, Oceanic and Space Sciences Building","buildingNumber":"0156","streetAddress":"1225 W. Dayton St.","description":null,"hours":null,"center":[-89.40693445771427,43.070735865297706],"footprintStatus":"full","officialMapUrl":"https://map.wisc.edu/?initObj=0156"}},{"type":"Feature","id":"394","geometry":{"type":"Polygon","coordinates":[[[-89.4022547,43.072375401],[-89.4020288,43.072370201],[-89.4020292,43.072326401],[-89.401941,43.072325001],[-89.4019412,43.072369601],[-89.4018131,43.072367901],[-89.4018134,43.072342501],[-89.4018101,43.072322801],[-89.4017962,43.072292401],[-89.4017777,43.072269401],[-89.4017545,43.072250101],[-89.4017398,43.072239701],[-89.4017151,43.072227101],[-89.4016751,43.072214001],[-89.4016292,43.072207201],[-89.4015875,43.072208001],[-89.4015867,43.072245701],[-89.4015222,43.072243901],[-89.4015196,43.072306701],[-89.4015865,43.072306701],[-89.4015814,43.072483901],[-89.4015528,43.072489601],[-89.4015196,43.072502301],[-89.4014909,43.072522201],[-89.4014761,43.072543701],[-89.4014675,43.072565001],[-89.4012589,43.072560701],[-89.4012568,43.072547801],[-89.4012511,43.072534201],[-89.4012363,43.072515201],[-89.4012105,43.072495701],[-89.401178,43.072483301],[-89.4011507,43.072476801],[-89.4011546,43.072301101],[-89.4012242,43.072302301],[-89.4012242,43.072240301],[-89.4011565,43.072239401],[-89.4011589,43.072201501],[-89.4010962,43.072200901],[-89.4010632,43.072202601],[-89.4010246,43.072211101],[-89.400991,43.072224701],[-89.4009639,43.072242101],[-89.4009401,43.072262101],[-89.4009212,43.072287701],[-89.400909,43.072310701],[-89.4009059,43.072331301],[-89.4009024,43.072344101],[-89.400896,43.072350701],[-89.4008844,43.072353301],[-89.4008702,43.072815901],[-89.4009139,43.072816001],[-89.4009679,43.072873901],[-89.4009406,43.072892401],[-89.4009158,43.072915501],[-89.4009031,43.072930901],[-89.4008996,43.072936101],[-89.4008823,43.072929601],[-89.4008726,43.072948401],[-89.4008663,43.072968601],[-89.4008642,43.073004801],[-89.4008721,43.073036501],[-89.4008902,43.073066701],[-89.4009032,43.073083401],[-89.4009207,43.073101301],[-89.4009431,43.073115701],[-89.4009695,43.073130401],[-89.4009944,43.073140301],[-89.4010228,43.073148801],[-89.4010294,43.073135501],[-89.4010539,43.073140001],[-89.4010921,43.073142301],[-89.4010933,43.073109201],[-89.4011074,43.073108001],[-89.4011405,43.073102401],[-89.4011734,43.073091901],[-89.4012055,43.073073101],[-89.4012381,43.073035901],[-89.4012542,43.072991001],[-89.4012868,43.072991201],[-89.4012859,43.073054601],[-89.4015505,43.073057801],[-89.4015505,43.073075301],[-89.4016785,43.073077901],[-89.4016789,43.073061501],[-89.4017967,43.073062801],[-89.4017979,43.073022801],[-89.4019244,43.073023401],[-89.4019294,43.073057601],[-89.4019458,43.073085501],[-89.4019582,43.073101301],[-89.4019771,43.073117301],[-89.4020135,43.073141001],[-89.4020555,43.073155501],[-89.4021018,43.073163901],[-89.4021483,43.073165101],[-89.4021491,43.073126701],[-89.4022328,43.073127501],[-89.4022359,43.073067001],[-89.4022347,43.073063901],[-89.4022387,43.072901301],[-89.4022419,43.072772001],[-89.4022498,43.072771901],[-89.4022529,43.072669301],[-89.4022451,43.072669301],[-89.4022547,43.072375401]]]},"properties":{"mapObjectId":"394","name":"Grainger Hall","buildingNumber":"0140","streetAddress":"975 University Ave.","description":null,"hours":null,"center":[-89.40156601661423,43.07271207889702],"footprintStatus":"full","officialMapUrl":"https://map.wisc.edu/?initObj=0140"}},{"type":"Feature","id":"454","geometry":{"type":"Polygon","coordinates":[[[-89.4071604,43.070149901],[-89.4067708,43.070144101],[-89.4067684,43.070229901],[-89.4069345,43.070232401],[-89.4069331,43.070284201],[-89.4069735,43.070284801],[-89.4069728,43.070309201],[-89.4069694,43.070431201],[-89.406764,43.070428201],[-89.4067617,43.070511201],[-89.4071527,43.070517101],[-89.407155,43.070433901],[-89.4070703,43.070432601],[-89.4070738,43.070307801],[-89.4070758,43.070233701],[-89.407158,43.070234901],[-89.4071604,43.070149901]]]},"properties":{"mapObjectId":"454","name":"Rust-Schreiner Hall","buildingNumber":"0158","streetAddress":"115 N. Orchard St.","description":null,"hours":null,"center":[-89.40697507060902,43.07032844945721],"footprintStatus":"full","officialMapUrl":"https://map.wisc.edu/?initObj=0158"}},{"type":"Feature","id":"357","geometry":{"type":"Polygon","coordinates":[[[-89.4077243,43.074688001],[-89.4077122,43.074687601],[-89.4077124,43.074542201],[-89.4076454,43.074541501],[-89.4076458,43.074516801],[-89.4076484,43.074358001],[-89.4075477,43.074357001],[-89.4075059,43.074318801],[-89.4074554,43.074356201],[-89.4072806,43.074357001],[-89.4072776,43.074480101],[-89.4072776,43.074493201],[-89.4075517,43.074493101],[-89.4075517,43.074516801],[-89.4075517,43.074539001],[-89.4075373,43.074543101],[-89.4075356,43.074937901],[-89.4077093,43.074938001],[-89.4077122,43.074785401],[-89.4077232,43.074785801],[-89.4077243,43.074688001]]]},"properties":{"mapObjectId":"357","name":"Bradley Memorial Building","buildingNumber":"0452","streetAddress":"1225 Linden Dr.","description":null,"hours":null,"center":[-89.40755864224323,43.074601893192906],"footprintStatus":"full","officialMapUrl":"https://map.wisc.edu/?initObj=0452"}},{"type":"Feature","id":"742","geometry":{"type":"Polygon","coordinates":[[[-89.4095316,43.073230401],[-89.4095315,43.073068401],[-89.4094155,43.073067601],[-89.4094131,43.073025701],[-89.4093795,43.073014901],[-89.4092923,43.073016001],[-89.4092926,43.072991501],[-89.4091437,43.072990601],[-89.409142,43.073126401],[-89.4091343,43.073132301],[-89.4091348,43.073155001],[-89.4091417,43.073161301],[-89.4091411,43.073205101],[-89.409129,43.073211801],[-89.409129,43.073224301],[-89.4091375,43.073234901],[-89.4091553,43.073235701],[-89.409167,43.073225301],[-89.4095316,43.073230401]]]},"properties":{"mapObjectId":"742","name":"1403 University Ave","buildingNumber":"8044","streetAddress":"1403 University Ave","description":null,"hours":null,"center":[-89.40932009065118,43.07312335082948],"footprintStatus":"full","officialMapUrl":"https://map.wisc.edu/?initObj=8044"}},{"type":"Feature","id":"740","geometry":{"type":"Polygon","coordinates":[[[-89.4023144,43.071913201],[-89.402002,43.071909801],[-89.4020206,43.071576001],[-89.4010693,43.071558901],[-89.4010599,43.071790601],[-89.4010226,43.071974601],[-89.4011112,43.071988201],[-89.4022539,43.072003901],[-89.4023098,43.071998401],[-89.4023144,43.071913201]]]},"properties":{"mapObjectId":"740","name":"Levy Hall, Irving & Dorothy","buildingNumber":"1069","streetAddress":"232 N Park St","description":"Irving and Dorothy Levy Hall is set to be the home for many of humanities and qualitative social science departments.","hours":null,"center":[-89.40157140397665,43.07179261568193],"footprintStatus":"full","officialMapUrl":"https://map.wisc.edu/?initObj=1069"}},{"type":"Feature","id":"691","geometry":{"type":"Polygon","coordinates":[[[-89.4408729,43.074026201],[-89.4408435,43.074026001],[-89.4408323,43.074026201],[-89.4407956,43.074026201],[-89.4406266,43.074026001],[-89.440459,43.074025801],[-89.440247,43.074026101],[-89.4401076,43.074026401],[-89.4399319,43.074026801],[-89.4399082,43.074026901],[-89.4398564,43.074026901],[-89.4398501,43.074576001],[-89.4398528,43.074796201],[-89.4403951,43.074794101],[-89.4404368,43.074837001],[-89.4408715,43.074837801],[-89.4408728,43.074072401],[-89.4408729,43.074026201]]]},"properties":{"mapObjectId":"691","name":"Harvey Street Apartments","buildingNumber":null,"streetAddress":"2900 Harvey St","description":"Harvey Street offers furnished apartments for single UW-Madison graduate students in seven separate buildings.","hours":null,"center":[-89.4403692516316,43.0744206156288],"footprintStatus":"full","officialMapUrl":"https://map.wisc.edu/"}},{"type":"Feature","id":"444","geometry":{"type":"Polygon","coordinates":[[[-89.4103227,43.069174701],[-89.410062,43.068945501],[-89.4099833,43.068876901],[-89.4096029,43.069108901],[-89.4097567,43.069243401],[-89.4097405,43.069253301],[-89.4098077,43.069312001],[-89.4097552,43.069344101],[-89.4098056,43.069388101],[-89.4098544,43.069391601],[-89.4098936,43.069367701],[-89.4099399,43.069408201],[-89.4102192,43.069237901],[-89.4103227,43.069174701]]]},"properties":{"mapObjectId":"444","name":"Police and Security Facility","buildingNumber":"0550","streetAddress":"1429 Monroe St.","description":null,"hours":null,"center":[-89.40995672242492,43.069150297506404],"footprintStatus":"full","officialMapUrl":"https://map.wisc.edu/?initObj=0550"}},{"type":"Feature","id":"432","geometry":{"type":"Polygon","coordinates":[[[-89.4005433,43.076164301],[-89.4005227,43.076164201],[-89.4004704,43.076163701],[-89.4004237,43.076163701],[-89.4004239,43.076156401],[-89.4004052,43.076156201],[-89.4004059,43.076126401],[-89.4003882,43.076126201],[-89.4002139,43.076125701],[-89.4002133,43.076152301],[-89.400183,43.076151901],[-89.4001837,43.076142801],[-89.400131,43.076142501],[-89.400086,43.076142001],[-89.4000784,43.076141701],[-89.4000783,43.076155701],[-89.4000716,43.076155701],[-89.4000717,43.076147601],[-89.4000586,43.076147601],[-89.4000588,43.076106001],[-89.400055,43.076105501],[-89.3999539,43.076104501],[-89.3999485,43.076104401],[-89.3999484,43.076113601],[-89.3999013,43.076113101],[-89.3998022,43.076112201],[-89.3997489,43.076111701],[-89.399749,43.076101901],[-89.3996438,43.076100901],[-89.3996382,43.076100801],[-89.3996383,43.076115201],[-89.399639,43.076129401],[-89.3996385,43.076140801],[-89.399625,43.076140801],[-89.3996249,43.076148201],[-89.3995111,43.076147801],[-89.3995111,43.076141101],[-89.399374,43.076140601],[-89.399274,43.076139201],[-89.3992739,43.076145201],[-89.3991797,43.076144701],[-89.3991703,43.076619301],[-89.3996611,43.076627601],[-89.3996661,43.076445001],[-89.3996844,43.076445301],[-89.3997145,43.076445701],[-89.3997141,43.076451401],[-89.3997253,43.076451501],[-89.3997383,43.076453601],[-89.3997501,43.076459501],[-89.3997595,43.076467001],[-89.3997704,43.076475601],[-89.3997844,43.076484401],[-89.3998131,43.076493401],[-89.3998287,43.076495001],[-89.3998444,43.076495601],[-89.3998609,43.076494501],[-89.3998774,43.076491801],[-89.3999014,43.076483301],[-89.3999198,43.076472501],[-89.3999344,43.076462601],[-89.3999476,43.076457501],[-89.3999565,43.076456701],[-89.3999652,43.076456901],[-89.3999671,43.076419101],[-89.399999,43.076419601],[-89.4000233,43.076419701],[-89.4000237,43.076417001],[-89.4000523,43.076417101],[-89.4000528,43.076395101],[-89.4000935,43.076394901],[-89.4001232,43.076395201],[-89.4001227,43.076474701],[-89.4001141,43.076474901],[-89.4001138,43.076529201],[-89.4001323,43.076529301],[-89.4001323,43.076545001],[-89.4001494,43.076545301],[-89.4001428,43.076835801],[-89.4001674,43.076835501],[-89.4001669,43.076881501],[-89.4001663,43.076925301],[-89.4004058,43.076929701],[-89.4004539,43.076927501],[-89.4004562,43.076872601],[-89.4004563,43.076862101],[-89.400477,43.076862201],[-89.4005276,43.076862501],[-89.4005319,43.076649601],[-89.4005341,43.076538801],[-89.4005152,43.076538601],[-89.4004867,43.076538301],[-89.4004877,43.076459801],[-89.4005007,43.076459701],[-89.400505,43.076348801],[-89.4004932,43.076348801],[-89.4004953,43.076260701],[-89.4005212,43.076261001],[-89.4005401,43.076261301],[-89.4005433,43.076164301]]]},"properties":{"mapObjectId":"432","name":"Memorial Union","buildingNumber":"0008","streetAddress":"800 Langdon St.","description":"Memorial Union, located on Lake Mendota, is where people meet, eat, hear music and just chill. The Terrace has been voted one of America’s Best Public Places.","hours":null,"center":[-89.39991444943722,43.076421006278224],"footprintStatus":"full","officialMapUrl":"https://map.wisc.edu/?initObj=0008"}},{"type":"Feature","id":"411","geometry":{"type":"Polygon","coordinates":[[[-89.3976558,43.069390201],[-89.3976526,43.069334901],[-89.3976514,43.069306501],[-89.3974158,43.069304201],[-89.3974262,43.068925501],[-89.3974142,43.068921901],[-89.397103,43.068828501],[-89.3970984,43.068835801],[-89.3970555,43.068823201],[-89.3970246,43.068814601],[-89.3969798,43.068803801],[-89.3969533,43.068799301],[-89.3969214,43.068794401],[-89.3968977,43.068791301],[-89.3968705,43.068789001],[-89.3968408,43.068787401],[-89.3968122,43.068786001],[-89.3967812,43.068786101],[-89.3967536,43.068786301],[-89.3967231,43.068786601],[-89.3966949,43.068787301],[-89.3966612,43.068788301],[-89.3966354,43.068790301],[-89.3966007,43.068794301],[-89.3965656,43.068800201],[-89.396538,43.068804801],[-89.3965093,43.068810901],[-89.3964834,43.068816901],[-89.3964542,43.068824701],[-89.3964315,43.068831601],[-89.3964065,43.068840001],[-89.3963901,43.068846601],[-89.3963668,43.068855001],[-89.3963501,43.068864101],[-89.3963401,43.068870601],[-89.3962385,43.068839301],[-89.3962327,43.068837801],[-89.3962342,43.068806001],[-89.3961832,43.068791201],[-89.396124,43.068772401],[-89.3961241,43.068805401],[-89.3961166,43.068802301],[-89.3960866,43.069905101],[-89.3962027,43.069908001],[-89.3962221,43.069918801],[-89.396247,43.069930401],[-89.3962992,43.069955801],[-89.3963564,43.069975901],[-89.3964341,43.070000101],[-89.3964877,43.070014101],[-89.3965149,43.070021301],[-89.396603,43.070036201],[-89.3966964,43.070044201],[-89.3967816,43.070044301],[-89.3968635,43.070040601],[-89.3969485,43.070030501],[-89.396972,43.070025601],[-89.3970573,43.070007801],[-89.397145,43.069982001],[-89.3972222,43.069951701],[-89.3973066,43.069910701],[-89.3973992,43.069983201],[-89.3973987,43.069852701],[-89.3974245,43.069828301],[-89.3974549,43.069801701],[-89.3975197,43.069738101],[-89.3975533,43.069696401],[-89.3975886,43.069642501],[-89.3976213,43.069577101],[-89.3976356,43.069534101],[-89.397655,43.069450901],[-89.3976558,43.069390201]]]},"properties":{"mapObjectId":"411","name":"The Kohl Center","buildingNumber":"0225","streetAddress":"601 W. Dayton St.","description":"The Kohl Center is home to men’s and women’s basketball and hockey excitement. Walk-in tours take place Tuesdays and Thursdays at noon, or by appointment.","hours":null,"center":[-89.39679870361853,43.069414741327655],"footprintStatus":"full","officialMapUrl":"https://map.wisc.edu/?initObj=0225"}},{"type":"Feature","id":"385","geometry":{"type":"Polygon","coordinates":[[[-89.3970637,43.072853401],[-89.3969225,43.072851501],[-89.3967498,43.072849301],[-89.396755,43.072634101],[-89.3967568,43.072563401],[-89.3964966,43.072558701],[-89.3964957,43.072585301],[-89.3964952,43.072607101],[-89.3964947,43.072625401],[-89.3964945,43.072634901],[-89.3964941,43.072650401],[-89.3964938,43.072666401],[-89.3964126,43.072665301],[-89.3964125,43.072667901],[-89.3964124,43.072673801],[-89.3964122,43.072681901],[-89.3964106,43.072747601],[-89.3964101,43.072768101],[-89.3964082,43.072847501],[-89.3962629,43.072845601],[-89.3962626,43.072856301],[-89.3962173,43.072855701],[-89.3960757,43.072853801],[-89.3960569,43.072866701],[-89.3959988,43.072906601],[-89.3959911,43.072911901],[-89.3959881,43.072998101],[-89.3960705,43.073059601],[-89.3961871,43.073061501],[-89.3962409,43.073022801],[-89.3962984,43.073023501],[-89.3962977,43.073051501],[-89.3969986,43.073060401],[-89.3969996,43.073018901],[-89.3970005,43.072982401],[-89.3970605,43.072983201],[-89.3970637,43.072853401]]]},"properties":{"mapObjectId":"385","name":"Fluno Center For Executive Education","buildingNumber":"0139","streetAddress":"601 University Ave.","description":null,"hours":null,"center":[-89.39655032711285,43.07287969496379],"footprintStatus":"full","officialMapUrl":"https://map.wisc.edu/?initObj=0139"}},{"type":"Feature","id":"404","geometry":{"type":"Polygon","coordinates":[[[-89.4096231,43.075567301],[-89.4092961,43.075566701],[-89.4092959,43.075614501],[-89.4092223,43.075614401],[-89.4092224,43.075572201],[-89.408703,43.075571101],[-89.4087029,43.075577801],[-89.4086435,43.075577601],[-89.4086434,43.075607701],[-89.4086134,43.075607601],[-89.4086136,43.075562501],[-89.4084246,43.075562101],[-89.408424,43.075677501],[-89.4083713,43.075677401],[-89.4083715,43.075653101],[-89.4081957,43.075652601],[-89.4079889,43.075652101],[-89.4079888,43.075677501],[-89.4079481,43.075677401],[-89.4079486,43.075565101],[-89.4077641,43.075564801],[-89.4077631,43.075821801],[-89.4079474,43.075822201],[-89.4079474,43.075812201],[-89.4084209,43.075813201],[-89.4084206,43.075871501],[-89.4086055,43.075871901],[-89.4086057,43.075813501],[-89.4086926,43.075813701],[-89.4087002,43.075857301],[-89.4087769,43.075854601],[-89.408778,43.075862901],[-89.4090499,43.075847101],[-89.4094267,43.075876201],[-89.4094282,43.075864701],[-89.4094769,43.075868501],[-89.4094759,43.075853001],[-89.4096224,43.075853801],[-89.4096231,43.075567301]]]},"properties":{"mapObjectId":"404","name":"Nancy Nicholas Hall","buildingNumber":"0085","streetAddress":"1300 Linden Dr.","description":null,"hours":null,"center":[-89.40876992940423,43.07571591385996],"footprintStatus":"full","officialMapUrl":"https://map.wisc.edu/?initObj=0085"}},{"type":"Feature","id":"363","geometry":{"type":"Polygon","coordinates":[[[-89.4055308,43.072552701],[-89.4055304,43.072312901],[-89.4054554,43.072312901],[-89.4054553,43.072284201],[-89.4053657,43.072284301],[-89.4053657,43.072290501],[-89.4052775,43.072290601],[-89.4052775,43.072316401],[-89.4047491,43.072316801],[-89.4047364,43.072372301],[-89.4044735,43.072372501],[-89.4044734,43.072321101],[-89.4044554,43.072321201],[-89.4044553,43.072282701],[-89.4044356,43.072282701],[-89.4044356,43.072265101],[-89.4044011,43.072264901],[-89.4043709,43.072265901],[-89.4043343,43.072270501],[-89.4042944,43.072279301],[-89.4042632,43.072291001],[-89.4042432,43.072303101],[-89.4042562,43.072303101],[-89.4042562,43.072321301],[-89.4042242,43.072321301],[-89.4042244,43.072474901],[-89.4042846,43.072474901],[-89.4042845,43.072884901],[-89.4042282,43.072884901],[-89.4042239,43.073141201],[-89.4050622,43.073146201],[-89.4050649,43.072900301],[-89.4050382,43.072894801],[-89.4048667,43.072893201],[-89.4048402,43.072901801],[-89.4048369,43.072737801],[-89.4048283,43.072737801],[-89.4048281,43.072572701],[-89.4051883,43.072572401],[-89.4051884,43.072651901],[-89.4052038,43.072651901],[-89.4052038,43.072658901],[-89.4052367,43.072658801],[-89.4052368,43.072677901],[-89.4053411,43.072677801],[-89.4053411,43.072663001],[-89.4053856,43.072663001],[-89.4053856,43.072657601],[-89.4054208,43.072657601],[-89.4054208,43.072647501],[-89.4055166,43.072647401],[-89.4055165,43.072552701],[-89.4055308,43.072552701]]]},"properties":{"mapObjectId":"363","name":"Chemistry Building","buildingNumber":"0047","streetAddress":"1101 University Ave.","description":null,"hours":null,"center":[-89.40476253837683,43.07268086795938],"footprintStatus":"full","officialMapUrl":"https://map.wisc.edu/?initObj=0047"}},{"type":"Feature","id":"407","geometry":{"type":"Polygon","coordinates":[[[-89.4057429,43.075297001],[-89.4057164,43.075294501],[-89.405694,43.075291801],[-89.4057071,43.075158101],[-89.4054623,43.075134701],[-89.4054534,43.075176501],[-89.4054347,43.075243901],[-89.4054262,43.075269001],[-89.4054156,43.075267801],[-89.4054018,43.075266501],[-89.4053926,43.075265901],[-89.405391,43.075274801],[-89.4053479,43.075270501],[-89.4053524,43.075247301],[-89.4053546,43.075236301],[-89.4053565,43.075226601],[-89.4053588,43.075218101],[-89.4053818,43.075220501],[-89.4053935,43.075163301],[-89.4053711,43.075160501],[-89.4053768,43.075122401],[-89.4052266,43.075106701],[-89.4051977,43.075254601],[-89.4051849,43.075253101],[-89.4051773,43.075252101],[-89.4051465,43.075247801],[-89.4051029,43.075463601],[-89.4051002,43.075476701],[-89.4050979,43.075488601],[-89.4050627,43.075668101],[-89.4050585,43.075689901],[-89.4050511,43.075727601],[-89.405079,43.075730501],[-89.4050748,43.075752301],[-89.4050693,43.075781601],[-89.4050639,43.075809301],[-89.4050769,43.075810601],[-89.4051194,43.075815301],[-89.4051423,43.075817701],[-89.4054452,43.075849301],[-89.405575,43.075862801],[-89.4055716,43.075880301],[-89.4056034,43.075883201],[-89.4056204,43.075885301],[-89.4056316,43.075886501],[-89.4056425,43.075830601],[-89.4056293,43.075829201],[-89.4056426,43.075761301],[-89.4055942,43.075756201],[-89.4056099,43.075675901],[-89.4055988,43.075674701],[-89.4053211,43.075645801],[-89.4053254,43.075616801],[-89.4053669,43.075411201],[-89.4054088,43.075415501],[-89.4054133,43.075394401],[-89.4055489,43.075408801],[-89.4055722,43.075411501],[-89.4055951,43.075413901],[-89.4057364,43.075430801],[-89.4057394,43.075369701],[-89.4057429,43.075297001]]]},"properties":{"mapObjectId":"407","name":"Ingraham Hall","buildingNumber":"0056","streetAddress":"1155 Observatory Dr.","description":null,"hours":null,"center":[-89.40536604421118,43.07548942359363],"footprintStatus":"full","officialMapUrl":"https://map.wisc.edu/?initObj=0056"}},{"type":"Feature","id":"355","geometry":{"type":"Polygon","coordinates":[[[-89.411283,43.074946701],[-89.4112826,43.074876601],[-89.4112821,43.074812901],[-89.4112818,43.074766801],[-89.4112217,43.074767601],[-89.4112217,43.074729501],[-89.4109901,43.074729501],[-89.4109901,43.074772601],[-89.4109232,43.074772601],[-89.4109236,43.074832701],[-89.4109243,43.074941701],[-89.4109686,43.074941701],[-89.4109686,43.074979901],[-89.4112217,43.074978201],[-89.4112228,43.074946701],[-89.411283,43.074946701]]]},"properties":{"mapObjectId":"355","name":"Bock Laboratories","buildingNumber":"0033","streetAddress":"1525 Linden Dr.","description":null,"hours":null,"center":[-89.41110358870756,43.074856122803986],"footprintStatus":"full","officialMapUrl":"https://map.wisc.edu/?initObj=0033"}},{"type":"Feature","id":"429","geometry":{"type":"Polygon","coordinates":[[[-89.4082598,43.073623401],[-89.4080947,43.073622101],[-89.4080927,43.073760801],[-89.4077859,43.073758401],[-89.4077858,43.073769701],[-89.4076762,43.073769701],[-89.4076765,43.073753401],[-89.4070685,43.073747001],[-89.4070661,43.073870301],[-89.4071002,43.073870301],[-89.4070996,43.073916101],[-89.4069751,43.073915101],[-89.4069752,43.073902401],[-89.4069912,43.073902401],[-89.4069923,43.073824301],[-89.4069641,43.073824101],[-89.4069652,43.073751401],[-89.4068867,43.073750801],[-89.4066572,43.073749001],[-89.4066573,43.073610101],[-89.4064896,43.073608801],[-89.4064866,43.073806401],[-89.4064843,43.074047501],[-89.4064809,43.074184401],[-89.4066696,43.074184401],[-89.4066717,43.074068701],[-89.4067921,43.074069201],[-89.4067917,43.074093801],[-89.4068431,43.074094301],[-89.4068419,43.074201401],[-89.4069699,43.074202601],[-89.4069715,43.074112901],[-89.407172,43.074112901],[-89.4072812,43.074114101],[-89.4072806,43.074357001],[-89.4074554,43.074356201],[-89.4075059,43.074318801],[-89.4075076,43.074233101],[-89.4074619,43.074232801],[-89.4074607,43.074140901],[-89.407696,43.074140501],[-89.4077266,43.074200601],[-89.4077625,43.074200601],[-89.4077625,43.074208501],[-89.4078943,43.074209501],[-89.4078946,43.074105801],[-89.4079413,43.074105901],[-89.4079413,43.074073801],[-89.4079413,43.074048901],[-89.4079413,43.074001101],[-89.4078987,43.074000201],[-89.4078987,43.073909601],[-89.4079283,43.073909601],[-89.4079287,43.073882601],[-89.4082598,43.073885101],[-89.4082598,43.073736801],[-89.4082598,43.073623401]],[[-89.4077639,43.073913901],[-89.4077633,43.073978701],[-89.4075374,43.073977601],[-89.4075376,43.073952101],[-89.4075239,43.073952001],[-89.4075246,43.073876901],[-89.4076711,43.073877601],[-89.4076712,43.073862501],[-89.4077453,43.073862901],[-89.4077448,43.073913801],[-89.4077639,43.073913901]]]},"properties":{"mapObjectId":"429","name":"Medical Sciences Center","buildingNumber":"0450","streetAddress":"1300 University Ave.","description":null,"hours":null,"center":[-89.407275161282,43.07394862601924],"footprintStatus":"full","officialMapUrl":"https://map.wisc.edu/?initObj=0450"}},{"type":"Feature","id":"651","geometry":{"type":"Polygon","coordinates":[[[-89.3990508,43.069567801],[-89.3990268,43.069524001],[-89.3989717,43.069481501],[-89.3985766,43.069360301],[-89.3985484,43.069408701],[-89.3983527,43.069756101],[-89.3981858,43.069705201],[-89.3981676,43.069739301],[-89.3981491,43.069734501],[-89.3981242,43.069770001],[-89.3980361,43.069926101],[-89.3981448,43.069974101],[-89.3982274,43.070007501],[-89.398296,43.070034001],[-89.398368,43.070058001],[-89.3984913,43.070095601],[-89.3986933,43.070152601],[-89.3987561,43.070164401],[-89.3988037,43.070174101],[-89.3988728,43.070184501],[-89.3989536,43.070040901],[-89.3989898,43.069980001],[-89.3989852,43.069973101],[-89.3990363,43.069882001],[-89.3990357,43.069848501],[-89.3989593,43.069822001],[-89.3990469,43.069669801],[-89.3990508,43.069567801]]]},"properties":{"mapObjectId":"651","name":"LaBahn Arena","buildingNumber":"0227","streetAddress":"105 East Campus Mall","description":"LaBahn Arena, which opened in October 2012, is the home for women’s hockey. See ticket information, seating charts .","hours":null,"center":[-89.39863170044868,43.069797988496326],"footprintStatus":"full","officialMapUrl":"https://map.wisc.edu/?initObj=0227"}}]}
